airport,airport_name,arr_flights,arr_del15,carrier_ct,weather_ct,nas_ct,security_ct,late_aircraft_ct,arr_cancelled,arr_diverted,arr_delay,carrier_delay,weather_delay,nas_delay,security_delay,late_aircraft_delay,delay_rate_pct,not_delayed_15plus_rate_pct,cancellation_rate_pct,diversion_rate_pct,avg_delay_minutes_per_delayed_flight,avg_delay_minutes_per_flight,carrier_delay_share_pct,weather_delay_share_pct,nas_delay_share_pct,security_delay_share_pct,late_aircraft_delay_share_pct,months_reported,rank_eligible,delay_rate_rank,cancellation_rate_rank,diversion_rate_rank,avg_delay_per_flight_rank,not_delayed_15plus_rank
TWF,"Twin Falls, ID: Joslin Field - Magic Valley Regional",1086,73,54.54,13.58,4.89,0,0,4,0,6008,3775,1876,357,0,0,6.7219,93.2781,0.3683,0,82.3014,5.5322,62.8329,31.225,5.9421,0,0,17,1,1,4,1,4,1
LWS,"Lewiston, ID: Lewiston Nez Perce County",1062,91,67.25,15.96,6.78,0,1,3,3,5654,4032,1346,219,0,57,8.5687,91.4313,0.2825,0.2825,62.1319,5.3239,71.3123,23.8062,3.8734,0,1.0081,17,1,2,3,157,3,2
ABR,"Aberdeen, SD: Aberdeen Regional",1055,121,80.58,26.9,13.51,0,0,12,4,13807,9071,3860,876,0,0,11.4692,88.5308,1.1374,0.3791,114.1074,13.0872,65.6986,27.9568,6.3446,0,0,17,1,3,72,210,89,3
PHF,"Newport News/Williamsburg, VA: Newport News/Williamsburg International",2103,261,79.23,29.36,42.7,2,107.72,46,14,17948,5064,2857,2046,78,7903,12.4108,87.5892,2.1874,0.6657,68.7663,8.5345,28.2148,15.9182,11.3996,0.4346,44.0328,17,1,4,189,263,20,4
FLO,"Florence, SC: Florence Regional",1303,163,36.47,14.07,18.47,0,93.97,28,0,14124,2172,1199,711,0,10042,12.5096,87.4904,2.1489,0,86.6503,10.8396,15.3781,8.4891,5.034,0,71.0988,17,1,5,185,1,51,5
YKM,"Yakima, WA: Yakima Air Terminal/McAllister Field",1029,131,37.06,2.53,21.48,2.14,67.83,11,0,5116,1682,221,664,68,2481,12.7308,87.2692,1.069,0,39.0534,4.9718,32.8772,4.3198,12.9789,1.3292,48.4949,17,1,6,64,1,1,6
ITO,"Hilo, HI: Hilo International",9438,1236,645.75,27.27,42.54,8.18,512.24,84,7,49473,23152,1195,1427,226,23473,13.096,86.904,0.89,0.0742,40.0267,5.2419,46.7972,2.4155,2.8844,0.4568,47.4461,17,1,7,41,13,2,7
CDV,"Cordova, AK: Merle K Mudhole Smith",1023,134,28.74,6.78,22.8,0,75.67,20,14,7611,1569,712,958,0,4372,13.0987,86.9013,1.955,1.3685,56.7985,7.4399,20.6149,9.3549,12.587,0,57.4432,17,1,8,157,292,12,8
SUN,"Sun Valley/Hailey/Ketchum, ID: Friedman Memorial",4385,576,249.63,73.44,119.29,0,133.62,34,60,42417,17199,7686,7417,0,10115,13.1357,86.8643,0.7754,1.3683,73.6406,9.6732,40.5474,18.1201,17.4859,0,23.8466,17,1,9,28,291,32,9
ALW,"Walla Walla, WA: Walla Walla Regional",1031,138,40.12,7.89,21.85,1,67.12,25,2,6043,1655,675,727,307,2679,13.3851,86.6149,2.4248,0.194,43.7899,5.8613,27.3871,11.1699,12.0304,5.0803,44.3323,17,1,10,223,89,5,10
GUM,"Guam, TT: Guam International",1034,139,67.46,3.97,27.65,0,39.92,11,0,8787,2732,126,869,0,5060,13.4429,86.5571,1.0638,0,63.2158,8.4981,31.0914,1.4339,9.8896,0,57.5851,17,1,11,62,1,19,11
YAK,"Yakutat, AK: Yakutat Airport",1023,138,19.04,5.73,22.29,1,89.94,15,24,7370,816,353,761,15,5425,13.4897,86.5103,1.4663,2.346,53.4058,7.2043,11.0719,4.7897,10.3256,0.2035,73.6092,17,1,12,102,301,9,12
OGG,"Kahului, HI: Kahului Airport",36262,5022,2629.84,128.12,776.32,8.64,1476.14,272,90,266057,141434,13547,26877,286,83358,13.8492,86.1508,0.7501,0.2482,52.9783,7.3371,53.1593,5.0918,10.102,0.1075,31.3309,17,1,13,27,139,11,13
PGV,"Greenville, NC: Pitt Greenville",1513,210,50.27,17.16,39.8,0,102.8,34,6,15969,2929,1944,1253,0,9843,13.8797,86.1203,2.2472,0.3966,76.0429,10.5545,18.3418,12.1736,7.8465,0,61.6382,17,1,14,198,218,47,14
GTF,"Great Falls, MT: Great Falls International",3606,502,237.64,35.53,84.23,0,144.6,17,4,31132,12563,2779,3962,0,11828,13.9212,86.0788,0.4714,0.1109,62.0159,8.6334,40.354,8.9265,12.7265,0,37.9931,17,1,15,9,30,21,15
OTZ,"Kotzebue, AK: Ralph Wien Memorial",1017,144,58.48,16.17,20.68,0,48.65,57,3,8313,3302,1463,711,0,2837,14.1593,85.8407,5.6047,0.295,57.7292,8.174,39.7209,17.5989,8.5529,0,34.1273,17,1,16,299,174,15,16
ADQ,"Kodiak, AK: Kodiak Airport",1183,168,49.88,10.59,24.68,1,81.86,53,4,9719,3130,606,1141,20,4822,14.2012,85.7988,4.4801,0.3381,57.8512,8.2156,32.205,6.2352,11.7399,0.2058,49.6142,17,1,17,293,192,17,17
MVY,"Martha's Vineyard, MA: Martha's Vineyard Airport",1103,157,55.7,6.44,50.28,0,44.58,17,3,9081,2919,645,2149,0,3368,14.2339,85.7661,1.5413,0.272,57.8408,8.233,32.144,7.1027,23.6648,0,37.0884,7,1,18,112,152,18,18
HLN,"Helena, MT: Helena Regional",2727,393,164.27,25.49,82.67,1,119.55,20,11,27768,9127,2449,6178,44,9970,14.4114,85.5886,0.7334,0.4034,70.6565,10.1826,32.8688,8.8195,22.2486,0.1585,35.9046,17,1,19,26,219,38,19
RHI,"Rhinelander, WI: Rhinelander/Oneida County",1232,179,113.4,29.02,19.14,0,17.44,31,5,16774,10508,3995,1257,0,1014,14.5292,85.4708,2.5162,0.4058,93.7095,13.6153,62.6446,23.8166,7.4937,0,6.0451,17,1,20,233,220,96,20
BJI,"Bemidji, MN: Bemidji Regional",1029,152,112.3,26.67,13.03,0,0,12,2,17382,13098,3442,842,0,0,14.7716,85.2284,1.1662,0.1944,114.3553,16.8921,75.3538,19.8021,4.8441,0,0,17,1,21,74,90,194,21
LIH,"Lihue, HI: Lihue Airport",22145,3288,1545.93,102.91,469.95,10,1157.15,189,53,156476,73059,6554,16160,292,60132,14.8476,85.1524,0.8535,0.2393,47.59,7.066,46.6902,4.1885,10.3275,0.1866,38.4289,17,1,22,36,128,6,22
OME,"Nome, AK: Nome Airport",1022,152,52.43,10.58,26.51,0,62.48,37,1,7236,2461,864,841,0,3070,14.8728,85.1272,3.6204,0.0978,47.6053,7.0802,34.0105,11.9403,11.6224,0,42.4268,17,1,23,281,22,7,23
KOA,"Kona, HI: Ellison Onizuka Kona International at Keahole",22582,3368,1440.12,66.63,741.37,9.99,1108.97,182,55,162518,72031,5112,25735,349,59068,14.9145,85.0855,0.806,0.2436,48.2536,7.1968,44.3219,3.1455,15.8352,0.2147,36.3455,17,1,24,30,133,8,24
SLC,"Salt Lake City, UT: Salt Lake City International",166092,24781,9787.55,1234.84,4974.82,31.65,8752.09,1080,167,1725704,798820,127498,202380,1489,595517,14.92,85.08,0.6502,0.1005,69.6382,10.39,46.2895,7.3882,11.7274,0.0863,34.5086,17,1,25,17,24,45,25
CLD,"Carlsbad, CA: McClellan-Palomar",1220,183,56.66,2.75,39.51,0,84.08,12,3,9422,2496,361,1858,0,4707,15,85,0.9836,0.2459,51.4863,7.723,26.4912,3.8315,19.7198,0,49.9575,16,1,26,53,135,13,26
ERI,"Erie, PA: Erie International/Tom Ridge Field",1513,230,63.02,22.48,44.01,0,100.47,24,17,17902,4308,2835,1531,0,9228,15.2016,84.7984,1.5863,1.1236,77.8348,11.8321,24.0644,15.8362,8.5521,0,51.5473,17,1,27,119,286,68,27
SGU,"St. George, UT: St George Regional",6546,1000,611.61,77.78,137.71,1.19,171.71,14,19,74880,44922,8981,8299,49,12629,15.2765,84.7235,0.2139,0.2903,74.88,11.439,59.992,11.9939,11.0831,0.0654,16.8657,17,1,28,1,163,62,28
BLI,"Bellingham, WA: Bellingham International",3357,513,117.34,21.19,117.44,1.88,255.17,43,4,32759,8236,3573,4578,49,16323,15.2815,84.7185,1.2809,0.1192,63.8577,9.7584,25.1412,10.9069,13.9748,0.1496,49.8275,17,1,29,83,35,33,29
MFR,"Medford, OR: Rogue Valley International - Medford",10820,1687,609.27,129.05,329.72,3.25,615.71,138,51,94279,32745,12339,13043,103,36049,15.5915,84.4085,1.2754,0.4713,55.8856,8.7134,34.732,13.0878,13.8345,0.1093,38.2365,17,1,30,81,240,22,30
BET,"Bethel, AK: Bethel Airport",1244,198,75.88,14.96,34.43,1.04,71.71,42,4,10183,3882,861,1186,27,4227,15.9164,84.0836,3.3762,0.3215,51.4293,8.1857,38.1224,8.4553,11.6469,0.2651,41.5104,17,1,31,275,183,16,31
RFD,"Rockford, IL: Chicago/Rockford International",1353,217,84.97,17.32,60.5,0.21,54,5,6,18095,7688,2620,3572,10,4205,16.0384,83.9616,0.3695,0.4435,83.3871,13.374,42.4869,14.4791,19.7403,0.0553,23.2385,17,1,32,5,233,94,32
FSM,"Fort Smith, AR: Fort Smith Regional",1629,262,80.5,26.65,48.37,0,106.47,60,4,14779,3586,2383,2279,0,6531,16.0835,83.9165,3.6832,0.2455,56.4084,9.0724,24.2642,16.1242,15.4205,0,44.1911,17,1,33,282,134,25,33
GFK,"Grand Forks, ND: Grand Forks International",1856,299,155.95,51.47,51.4,0,40.14,26,9,23504,13623,4066,2481,0,3334,16.1099,83.8901,1.4009,0.4849,78.6087,12.6638,57.9603,17.2992,10.5557,0,14.1848,17,1,34,93,243,83,34
HHH,"Hilton Head, SC: Hilton Head Airport",3050,496,143.84,22.41,179.96,0.15,149.65,39,31,26904,7778,1557,7389,3,10177,16.2623,83.7377,1.2787,1.0164,54.2419,8.821,28.9102,5.7872,27.4643,0.0112,37.8271,17,1,35,82,282,23,35
LYH,"Lynchburg, VA: Lynchburg Regional/Preston Glenn Field",2675,437,104.74,43.3,76.04,0,212.94,52,11,41773,7329,6115,2933,0,25396,16.3364,83.6636,1.9439,0.4112,95.5904,15.6161,17.5448,14.6386,7.0213,0,60.7953,17,1,36,155,221,153,36
CLL,"College Station/Bryan, TX: Easterwood Field",1669,273,88.92,35.99,50.12,0.84,97.07,53,4,17029,5961,3647,2107,26,5288,16.3571,83.6429,3.1756,0.2397,62.3773,10.2031,35.005,21.4164,12.373,0.1527,31.0529,17,1,37,268,130,39,37
BTM,"Butte, MT: Bert Mooney",1010,166,63.74,15.34,44.6,0,42.3,13,4,18794,7124,1957,3932,0,5781,16.4356,83.5644,1.2871,0.396,113.2169,18.6079,37.9057,10.4129,20.9216,0,30.7598,17,1,38,84,217,235,38
RDM,"Bend/Redmond, OR: Roberts Field",12334,2044,743.51,87.59,409,4.58,799.36,129,53,109090,37140,8294,16006,396,47254,16.5721,83.4279,1.0459,0.4297,53.3708,8.8447,34.0453,7.6029,14.6723,0.363,43.3165,17,1,39,58,229,24,39
FCA,"Kalispell, MT: Glacier Park International",7559,1253,540.77,56.01,288.59,0.62,367.04,60,23,71032,29500,7901,11138,47,22446,16.5763,83.4237,0.7938,0.3043,56.6895,9.397,41.5306,11.1232,15.6803,0.0662,31.5998,17,1,40,29,176,28,40
GNV,"Gainesville, FL: Gainesville Regional",6081,1009,353.06,57.99,194.89,0,403.13,109,16,65900,21059,6365,9442,0,29034,16.5927,83.4073,1.7925,0.2631,65.3122,10.837,31.956,9.6586,14.3278,0,44.0577,17,1,41,138,145,50,41
JNU,"Juneau, AK: Juneau International",6413,1068,314.96,49.21,238.03,6.35,459.47,107,45,58288,19294,4871,7911,219,25993,16.6537,83.3463,1.6685,0.7017,54.5768,9.089,33.1012,8.3568,13.5723,0.3757,44.5941,17,1,42,129,267,26,42
EWN,"New Bern/Morehead/Beaufort, NC: Coastal Carolina Regional",2558,427,109.67,36.91,66.71,2.69,211.02,59,18,33540,6442,3209,2879,152,20858,16.6927,83.3073,2.3065,0.7037,78.548,13.1118,19.2069,9.5677,8.5838,0.4532,62.1884,17,1,43,209,268,92,43
PSG,"Petersburg, AK: Petersburg James A Johnson",1024,171,31.41,8.01,26.12,0,105.47,19,19,10473,1808,394,940,0,7331,16.6992,83.3008,1.8555,1.8555,61.2456,10.2275,17.2634,3.7621,8.9755,0,69.999,17,1,44,146,297,42,44
PSC,"Pasco/Kennewick/Richland, WA: Tri Cities",9976,1695,771.41,127.87,308.05,3.57,484.18,47,16,101813,46310,10653,13767,222,30861,16.9908,83.0092,0.4711,0.1604,60.0667,10.2058,45.4854,10.4633,13.5218,0.218,30.3115,17,1,45,8,71,40,45
YUM,"Yuma, AZ: Yuma MCAS/Yuma International",2446,417,203.75,39.86,42.12,0,131.25,34,3,29119,15840,3979,1948,0,7352,17.0482,82.9518,1.39,0.1226,69.8297,11.9047,54.3975,13.6646,6.6898,0,25.2481,17,1,46,91,39,70,46
LGB,"Long Beach, CA: Long Beach Airport",22609,3860,1330.7,68.34,458.62,6.49,1995.83,85,28,183358,58538,5184,19987,229,99420,17.0728,82.9272,0.376,0.1238,47.5021,8.11,31.9255,2.8273,10.9005,0.1249,54.2218,17,1,47,6,41,14,47
ACK,"Nantucket, MA: Nantucket Memorial",1841,315,86.92,17.15,86.32,0,124.61,44,8,21730,4575,2495,3937,0,10723,17.1103,82.8897,2.39,0.4345,68.9841,11.8034,21.0538,11.4818,18.1178,0,49.3465,7,1,48,221,231,67,48
BRO,"Brownsville, TX: Brownsville South Padre Island International",4318,742,284.04,51.31,136.25,0.95,269.45,115,15,52091,21085,4938,5772,35,20261,17.1839,82.8161,2.6633,0.3474,70.2035,12.0637,40.4772,9.4796,11.0806,0.0672,38.8954,17,1,49,246,196,73,49
PUW,"Pullman, WA: Pullman Moscow Regional",1726,297,90.7,4.9,53.27,0,148.18,31,1,12539,3825,323,1465,0,6926,17.2074,82.7926,1.7961,0.0579,42.2189,7.2648,30.5048,2.576,11.6835,0,55.2357,17,1,50,139,8,10,50
LRD,"Laredo, TX: Laredo International",4151,715,259.21,45.49,144.91,0.82,264.59,111,8,50720,17864,5194,5875,71,21716,17.2248,82.7752,2.6741,0.1927,70.9371,12.2187,35.2208,10.2405,11.5832,0.14,42.8155,17,1,51,249,88,75,51
PDX,"Portland, OR: Portland International",104273,17993,5943.58,570.15,3913.29,56.46,7509.51,869,83,1051134,368145,47571,148943,2220,484255,17.2557,82.7443,0.8334,0.0796,58.4191,10.0806,35.0236,4.5257,14.1697,0.2112,46.0698,17,1,52,32,16,36,52
HNL,"Honolulu, HI: Daniel K Inouye International",83216,14440,6543.74,495.26,2183.54,51.05,5164.34,799,202,856874,437037,29849,76044,2150,311266,17.3524,82.6476,0.9602,0.2427,59.3403,10.297,51.0036,3.4835,8.8746,0.2509,36.3258,17,1,53,51,132,44,53
SBA,"Santa Barbara, CA: Santa Barbara Municipal",12407,2153,811.98,43.2,443.91,0.95,852.96,126,62,139881,58366,8032,19007,63,54413,17.3531,82.6469,1.0156,0.4997,64.9703,11.2744,41.7255,5.742,13.588,0.045,38.8995,17,1,54,56,248,58,54
ORH,"Worcester, MA: Worcester Regional",2117,368,111.83,9.51,108.9,0.24,137.53,45,16,25467,7414,880,4391,4,12778,17.3831,82.6169,2.1256,0.7558,69.2038,12.0298,29.1122,3.4555,17.2419,0.0157,50.1747,17,1,55,178,271,72,55
SNA,"Santa Ana, CA: John Wayne Airport-Orange County",64636,11279,3950.23,323.08,2653.6,16.5,4334.63,604,236,614820,238603,29660,106792,622,239008,17.45,82.55,0.9345,0.3651,54.5102,9.512,38.8086,4.8242,17.3696,0.1012,38.8745,17,1,56,47,205,31,56
SJC,"San Jose, CA: Norman Y. Mineta San Jose International",65229,11415,3734.65,268.19,1373.12,25.52,6013.47,431,32,614428,205865,21653,51421,1340,334149,17.4999,82.5001,0.6607,0.0491,53.8264,9.4196,33.5051,3.5241,8.3689,0.2181,54.3838,17,1,57,21,7,29,57
EUG,"Eugene, OR: Mahlon Sweet Field",13573,2390,827.43,91.35,379.85,6.6,1084.69,74,8,135493,47742,5807,16519,343,65082,17.6085,82.3915,0.5452,0.0589,56.6916,9.9825,35.2358,4.2858,12.1918,0.2531,48.0335,17,1,58,11,9,34,58
ART,"Watertown, NY: Watertown International",1022,180,41.59,33.3,43.65,0,61.43,32,74,24038,2287,12190,2251,0,7310,17.6125,82.3875,3.1311,7.2407,133.5444,23.5205,9.5141,50.7114,9.3643,0,30.4102,17,1,59,266,303,280,59
WRG,"Wrangell, AK: Wrangell Airport",1024,181,22.31,19.23,28.83,0.43,110.2,27,10,10468,1128,1153,857,10,7320,17.6758,82.3242,2.6367,0.9766,57.8343,10.2227,10.7757,11.0145,8.1869,0.0955,69.9274,17,1,60,243,281,41,60
MSO,"Missoula, MT: Missoula Montana",7965,1413,533.92,78.13,353.2,0.76,446.92,51,33,85939,34181,7658,15143,14,28943,17.7401,82.2599,0.6403,0.4143,60.8202,10.7896,39.7736,8.911,17.6206,0.0163,33.6785,17,1,61,16,223,49,61
LCH,"Lake Charles, LA: Lake Charles Regional",2753,489,199.62,65.15,74.21,0.71,149.3,91,25,43508,14336,12236,4379,31,12526,17.7624,82.2376,3.3055,0.9081,88.9734,15.8039,32.9503,28.1236,10.0648,0.0713,28.7901,17,1,62,273,278,160,62
BIL,"Billings, MT: Billings Logan International",8284,1478,573.37,70.96,289.42,2.62,541.61,54,22,83282,33303,6097,11304,61,32517,17.8416,82.1584,0.6519,0.2656,56.3478,10.0534,39.9882,7.3209,13.5732,0.0732,39.0445,17,1,63,18,148,35,63
ACV,"Arcata/Eureka, CA: California Redwood Coast Humboldt County",2841,507,217.4,32.73,131.8,0,125.08,31,44,38761,12965,6922,9361,0,9513,17.8458,82.1542,1.0912,1.5488,76.4517,13.6434,33.4486,17.8582,24.1506,0,24.5427,17,1,64,67,295,97,64
CLT,"Charlotte, NC: Charlotte Douglas International",338718,60610,16191.87,3108.95,13441.8,119.59,27747.8,7389,480,5461598,1922022,365565,639433,6021,2528557,17.8939,82.1061,2.1815,0.1417,90.1105,16.1243,35.1916,6.6934,11.7078,0.1102,46.297,17,1,65,188,58,175,65
BOI,"Boise, ID: Boise Air Terminal",40898,7330,2685.15,280.63,1380.11,12.49,2968.51,205,49,414478,151592,21483,59204,621,179848,17.9226,82.0774,0.5012,0.1198,56.5454,10.1344,36.5742,5.1831,14.284,0.1498,43.3914,17,1,66,10,36,37,66
FAI,"Fairbanks, AK: Fairbanks International",7471,1345,458.92,35.98,393.43,2.56,454.12,111,8,67934,27765,3153,12259,128,24629,18.0029,81.9971,1.4857,0.1071,50.5086,9.093,40.8706,4.6413,18.0455,0.1884,36.2543,17,1,67,105,27,27,67
ATL,"Atlanta, GA: Hartsfield-Jackson Atlanta International",492560,89225,25994.01,3272.29,23280.09,93.51,36584.14,8826,1241,7154268,2641233,416362,1285291,5249,2805842,18.1145,81.8855,1.7919,0.2519,80.1823,14.5247,36.9183,5.8198,17.9654,0.0734,39.2191,17,1,68,137,141,115,68
FAY,"Fayetteville, NC: Fayetteville Regional/Grannis Field",5036,913,302.98,77.24,146.02,0,386.74,124,16,69159,17437,11301,6475,0,33946,18.1295,81.8705,2.4623,0.3177,75.7492,13.7329,25.2129,16.3406,9.3625,0,49.084,17,1,69,224,181,98,69
RDD,"Redding, CA: Redding Regional",2579,468,186.35,30.73,120.16,1,129.78,27,9,49537,18077,10252,9835,43,11330,18.1466,81.8534,1.0469,0.349,105.8483,19.2078,36.4919,20.6956,19.8538,0.0868,22.8718,17,1,70,59,197,245,70
IAD,"Washington, DC: Washington Dulles International",129596,23543,7184.83,778.67,7128.52,14.24,8436.63,2078,265,2027438,608678,103646,371651,1486,941977,18.1665,81.8335,1.6034,0.2045,86.1164,15.6443,30.022,5.1122,18.3311,0.0733,46.4614,17,1,71,121,101,156,71
MRY,"Monterey, CA: Monterey Regional",7228,1322,475.55,57.49,304.87,1.42,482.72,68,40,88943,31903,6964,18823,45,31208,18.29,81.71,0.9408,0.5534,67.2791,12.3053,35.869,7.8297,21.163,0.0506,35.0876,17,1,72,48,254,78,72
OAK,"Oakland, CA: Metro Oakland International",48863,8939,3041.84,87.11,848.14,27.27,4934.69,320,19,461360,148888,6321,30489,1196,274466,18.294,81.706,0.6549,0.0389,51.612,9.4419,32.2715,1.3701,6.6085,0.2592,59.4906,17,1,73,19,6,30,73
GPT,"Gulfport/Biloxi, MS: Gulfport-Biloxi International",6449,1184,423.05,76.33,219.55,0.34,464.62,176,16,90752,32951,8687,10020,28,39066,18.3594,81.6406,2.7291,0.2481,76.6486,14.0723,36.3088,9.5722,11.0411,0.0309,43.047,17,1,74,253,137,105,74
DAB,"Daytona Beach, FL: Daytona Beach International",4539,836,320.94,40.98,172.33,2.12,299.6,97,13,51674,17979,3695,9215,38,20747,18.4182,81.5818,2.137,0.2864,61.811,11.3844,34.7931,7.1506,17.833,0.0735,40.1498,17,1,75,180,159,60,75
SPS,"Wichita Falls, TX: Sheppard AFB/Wichita Falls Municipal",1031,190,87.01,30.73,21.75,0,50.5,46,3,17205,8556,3275,1584,0,3790,18.4287,81.5713,4.4617,0.291,90.5526,16.6877,49.7297,19.0352,9.2066,0,22.0285,17,1,76,292,165,189,76
MSP,"Minneapolis, MN: Minneapolis-St Paul International",180520,33281,12028.72,2280.09,7683.61,46.04,11241.7,2140,217,2701400,1202179,251550,371530,2842,873097,18.4362,81.5638,1.1855,0.1202,81.1694,14.9645,44.5021,9.3118,13.7532,0.1052,32.3202,17,1,77,77,37,132,77
GJT,"Grand Junction, CO: Grand Junction Regional",6660,1228,527.91,66.93,244.71,2.6,385.84,66,7,81693,33766,5553,12110,103,30161,18.4384,81.5616,0.991,0.1051,66.5252,12.2662,41.3328,6.7974,14.8238,0.1261,36.9199,17,1,78,54,25,77,78
IAH,"Houston, TX: George Bush Intercontinental/Houston",240535,44443,13244.63,1588.38,16847.23,24.98,12737.81,3759,678,3617522,1107794,213672,985423,1236,1309397,18.4767,81.5233,1.5628,0.2819,81.3969,15.0395,30.623,5.9066,27.2403,0.0342,36.196,17,1,79,115,156,135,79
STS,"Santa Rosa, CA: Charles M. Schulz - Sonoma County",8036,1486,446.58,111.53,316.94,1.68,609.25,145,70,86088,25712,8869,15291,53,36163,18.4918,81.5082,1.8044,0.8711,57.9327,10.7128,29.8671,10.3022,17.7621,0.0616,42.007,17,1,80,141,275,48,80
GUC,"Gunnison, CO: Gunnison-Crested Butte Regional",1938,360,146.74,27.91,89.9,0,95.47,29,18,31704,10664,4252,7103,0,9685,18.5759,81.4241,1.4964,0.9288,88.0667,16.3591,33.6361,13.4116,22.4041,0,30.5482,17,1,81,106,279,178,81
LAX,"Los Angeles, CA: Los Angeles International",274413,51065,19104.77,1954.4,12722.76,125.15,17156.79,2471,322,3501403,1442997,194030,537736,6745,1319725,18.6088,81.3912,0.9005,0.1173,68.5676,12.7596,41.212,5.5415,15.3577,0.1926,37.6913,17,1,82,43,34,85,82
TXK,"Texarkana, AR: Texarkana Regional-Webb Field",1025,191,76.42,24.4,29.84,1,59.37,39,2,12547,4632,3305,1316,15,3279,18.6341,81.3659,3.8049,0.1951,65.6911,12.241,36.9172,26.341,10.4886,0.1196,26.1337,17,1,83,284,93,76,83
SMF,"Sacramento, CA: Sacramento International",82221,15374,5340.35,402.54,2097,36.17,7497.06,524,100,865342,302341,35439,87180,1984,438285,18.6984,81.3016,0.6373,0.1216,56.2861,10.5246,34.9389,4.0954,10.0746,0.2293,50.6488,17,1,84,15,38,46,84
TRI,"Bristol/Johnson City/Kingsport, TN: Tri Cities",6414,1209,393.36,87.85,240.13,0,487.65,132,15,86669,26114,9552,12921,0,38082,18.8494,81.1506,2.058,0.2339,71.6865,13.5125,30.1307,11.0212,14.9084,0,43.9396,17,1,85,172,123,95,85
AEX,"Alexandria, LA: Alexandria International",3005,567,241.67,53.74,98.52,2,171.07,87,13,41599,16506,6331,5653,358,12751,18.8686,81.1314,2.8952,0.4326,73.3668,13.8433,39.6788,15.2191,13.5893,0.8606,30.6522,17,1,86,260,230,102,86
GEG,"Spokane, WA: Spokane International",30786,5814,2217.16,248.32,1081.27,10.98,2256.29,192,41,316534,123413,22301,41252,747,128821,18.8852,81.1148,0.6237,0.1332,54.4434,10.2818,38.9889,7.0454,13.0324,0.236,40.6974,17,1,87,13,52,43,87
CRP,"Corpus Christi, TX: Corpus Christi International",8379,1587,524.26,106.39,270.19,3.06,683.13,170,9,115963,35478,10183,14362,179,55761,18.9402,81.0598,2.0289,0.1074,73.0706,13.8397,30.5942,8.7812,12.385,0.1544,48.0852,17,1,88,169,28,101,88
BUR,"Burbank, CA: Bob Hope",43291,8241,2720.3,150.33,1482.07,9.1,3877.17,521,146,469779,151708,12558,68491,469,236282,19.0363,80.9637,1.2035,0.3373,57.0051,10.8517,32.2935,2.6732,14.5794,0.0998,50.2964,17,1,89,78,191,52,89
PHX,"Phoenix, AZ: Phoenix Sky Harbor International",284438,54166,18224.3,1593.73,11877.21,122.89,22346.8,2476,433,3954475,1581052,183662,525071,6365,1658064,19.0432,80.9568,0.8705,0.1522,73.0066,13.9028,39.9813,4.6444,13.2779,0.161,41.9288,17,1,90,40,65,103,90
HRL,"Harlingen/San Benito, TX: Valley International",7900,1509,508.68,82.91,206.79,1.77,708.89,182,9,97715,30867,9336,9386,55,48071,19.1013,80.8987,2.3038,0.1139,64.7548,12.369,31.5888,9.5543,9.6055,0.0563,49.1951,17,1,91,208,31,79,91
PSP,"Palm Springs, CA: Palm Springs International",23556,4500,1520.8,126.58,1072.15,5.09,1775.35,224,77,275012,88342,11906,55483,271,119010,19.1034,80.8966,0.9509,0.3269,61.1138,11.6748,32.123,4.3293,20.1748,0.0985,43.2745,17,1,92,50,188,64,92
GTR,"Columbus, MS: Golden Triangle Regional",1426,273,98.31,21.95,32.64,0,120.1,23,5,20477,6430,2953,1992,0,9102,19.1445,80.8555,1.6129,0.3506,75.0073,14.3597,31.4011,14.4211,9.728,0,44.4499,17,1,93,123,198,112,93
MLB,"Melbourne, FL: Melbourne Orlando International",4152,797,317.55,34.98,180.08,3.37,261.01,80,7,53910,20818,3604,7968,411,21109,19.1956,80.8044,1.9268,0.1686,67.6412,12.9841,38.6162,6.6852,14.7802,0.7624,39.156,17,1,94,154,77,87,94
RIW,"Riverton/Lander, WY: Central Wyoming Regional",1030,198,81.64,12.78,37.26,0,66.32,7,3,19131,8283,1218,2050,0,7580,19.2233,80.7767,0.6796,0.2913,96.6212,18.5738,43.2962,6.3666,10.7156,0,39.6216,17,1,95,22,167,232,95
BWI,"Baltimore, MD: Baltimore/Washington International Thurgood Marshall",133784,25749,7855.82,629.17,6046.96,93.98,11121.01,2215,342,1561303,462230,63143,331384,4213,700050,19.2467,80.7533,1.6557,0.2556,60.6355,11.6703,29.6054,4.0443,21.2248,0.2698,44.8375,17,1,96,126,142,63,96
RNO,"Reno, NV: Reno/Tahoe International",31901,6141,2179.65,164.58,948.33,10.62,2836.94,303,112,355059,123862,13727,41288,558,175538,19.2502,80.7498,0.9498,0.3511,57.8178,11.13,34.8849,3.8661,11.6285,0.1572,49.4391,17,1,97,49,199,54,97
IDA,"Idaho Falls, ID: Idaho Falls Regional",6886,1330,595.02,110.84,228.62,1.81,393.69,47,25,97944,41413,12442,12863,60,31166,19.3146,80.6854,0.6825,0.3631,73.6421,14.2236,42.2823,12.7032,13.133,0.0613,31.8202,17,1,98,23,204,109,98
GRI,"Grand Island, NE: Central Nebraska Regional",1385,268,145.13,45.58,22.69,0,54.58,37,4,22994,12031,5764,1333,0,3866,19.3502,80.6498,2.6715,0.2888,85.7985,16.6022,52.3223,25.0674,5.7972,0,16.8131,17,1,99,248,161,188,99
OAJ,"Jacksonville/Camp Lejeune, NC: Albert J Ellis",4530,877,335.75,67.37,146.21,1.02,326.66,105,13,65993,25354,7350,6645,57,26587,19.3598,80.6402,2.3179,0.287,75.2486,14.568,38.4192,11.1375,10.0692,0.0864,40.2876,17,1,100,212,160,116,100
KTN,"Ketchikan, AK: Ketchikan International",3307,642,262.76,31.9,161.99,5.42,179.88,36,55,37113,18078,1735,5566,157,11577,19.4134,80.5866,1.0886,1.6631,57.8084,11.2226,48.7107,4.6749,14.9974,0.423,31.1939,17,1,101,66,296,57,101
AMA,"Amarillo, TX: Rick Husband Amarillo International",8345,1621,549.37,108.54,302.46,2.22,657.4,166,25,108782,34737,10930,15593,114,47248,19.4248,80.5752,1.9892,0.2996,67.108,13.0356,31.9327,10.0476,14.3342,0.1048,43.4337,17,1,102,163,175,88,102
FAT,"Fresno, CA: Fresno Yosemite International",18768,3660,1377.86,171.05,620.56,3.3,1487.24,157,14,236871,87484,17250,30294,73,101770,19.5013,80.4987,0.8365,0.0746,64.7189,12.621,36.9332,7.2824,12.7892,0.0308,42.9643,17,1,103,33,14,82,103
EYW,"Key West, FL: Key West International",12110,2393,687.83,86.73,1019.78,1.54,597.16,182,84,152688,44681,12723,47492,59,47733,19.7605,80.2395,1.5029,0.6936,63.8061,12.6084,29.2629,8.3327,31.104,0.0386,31.2618,17,1,104,108,266,81,104
DTW,"Detroit, MI: Detroit Metro Wayne County",199748,39525,14738.97,2766.31,8251.46,49.99,13718.13,3018,247,3296893,1459878,301581,458429,2837,1074168,19.7874,80.2126,1.5109,0.1237,83.4129,16.5053,44.2804,9.1474,13.9049,0.0861,32.5812,17,1,105,109,40,184,105
TUS,"Tucson, AZ: Tucson International",29549,5864,2475.39,232.74,900.56,10.82,2244.6,253,19,374204,158889,20777,39762,567,154209,19.845,80.155,0.8562,0.0643,63.8138,12.6638,42.4605,5.5523,10.6258,0.1515,41.2099,17,1,106,38,10,83,106
SEA,"Seattle, WA: Seattle/Tacoma International",255328,50704,14360.22,1942.74,17153.82,238.21,17009.01,2744,379,2908924,1006713,168737,637375,10050,1086049,19.8584,80.1416,1.0747,0.1484,57.3707,11.3929,34.6077,5.8007,21.911,0.3455,37.3351,17,1,107,65,63,61,107
ABI,"Abilene, TX: Abilene Regional",2709,540,164.09,37.23,106.58,0.73,231.39,65,2,29449,7575,2708,4556,25,14585,19.9336,80.0664,2.3994,0.0738,54.5352,10.8708,25.7224,9.1956,15.4708,0.0849,49.5263,17,1,108,222,12,53,108
SBP,"San Luis Obispo, CA: San Luis County Regional",8104,1624,561.91,61.2,351.28,1,648.64,84,44,119844,38655,12593,23094,41,45461,20.0395,79.9605,1.0365,0.5429,73.7956,14.7883,32.2544,10.5078,19.2701,0.0342,37.9335,17,1,109,57,252,123,109
TLH,"Tallahassee, FL: Tallahassee International",9242,1857,607.96,102.71,382.97,0.9,762.42,204,30,132731,42264,13012,16452,36,60967,20.0931,79.9069,2.2073,0.3246,71.476,14.3617,31.8418,9.8033,12.395,0.0271,45.9328,17,1,110,193,185,113,110
HTS,"Ashland, WV: Tri-State/Milton J. Ferguson Field",2145,431,114.14,33.77,73.88,2.38,206.86,47,11,35258,9438,2889,3629,231,19071,20.0932,79.9068,2.1911,0.5128,81.8051,16.4373,26.7684,8.1939,10.2927,0.6552,54.0899,17,1,111,192,250,180,111
EVV,"Evansville, IN: Evansville Regional",5655,1138,358.62,91.77,239.45,1,447.14,129,14,88581,28491,10991,12050,800,36249,20.1238,79.8762,2.2812,0.2476,77.8392,15.6642,32.1638,12.4079,13.6034,0.9031,40.9219,17,1,112,204,136,157,112
GGG,"Longview, TX: East Texas Regional",1028,207,63.9,31.93,36.53,0,74.65,35,5,17692,5119,5638,1821,0,5114,20.1362,79.8638,3.4047,0.4864,85.4686,17.2101,28.934,31.8675,10.2928,0,28.9057,17,1,113,278,245,199,113
STL,"St. Louis, MO: St Louis Lambert International",96209,19389,6356.98,562.47,3490.03,47.19,8930.26,1441,206,1275641,412149,60237,166606,2370,633885,20.153,79.847,1.4978,0.2141,65.792,13.2591,32.3092,4.7221,13.0606,0.1858,49.6915,17,1,114,107,110,93,114
BZN,"Bozeman, MT: Bozeman Yellowstone International",17290,3486,1295.58,123.01,927.6,4.03,1133.77,109,67,192881,69814,12525,35645,286,74216,20.1619,79.8381,0.6304,0.3875,55.3302,11.1556,36.1954,6.4936,18.4803,0.1483,38.4776,17,1,115,14,213,55,115
PLN,"Pellston, MI: Pellston Regional Airport of Emmet County",1200,242,153.82,41.62,26.84,0,19.72,113,9,18531,11910,3765,1732,0,1124,20.1667,79.8333,9.4167,0.75,76.5744,15.4425,64.2707,20.3173,9.3465,0,6.0655,17,1,116,303,270,148,116
ABQ,"Albuquerque, NM: Albuquerque International Sunport",36335,7338,2694.93,204.55,1105.17,9.12,3324.33,324,51,427277,151164,16934,49021,393,209765,20.1954,79.8046,0.8917,0.1404,58.228,11.7594,35.3785,3.9632,11.4729,0.092,49.0934,17,1,117,42,56,65,117
MOB,"Mobile, AL: Mobile Regional",8595,1738,623.15,134.25,358.4,3,619.2,227,41,143846,49173,19475,16604,185,58409,20.2211,79.7789,2.6411,0.477,82.7652,16.736,34.1845,13.5388,11.5429,0.1286,40.6052,17,1,118,245,241,192,118
MOT,"Minot, ND: Minot International",3948,799,397.01,103.79,167.61,0,130.58,51,15,63465,31412,12416,9503,0,10134,20.2381,79.7619,1.2918,0.3799,79.4305,16.0752,49.495,19.5635,14.9736,0,15.9679,17,1,119,85,212,171,119
MDW,"Chicago, IL: Chicago Midway International",103278,21031,6442.95,499.39,4305.05,68.08,9709.51,1346,453,1232605,362011,49441,215107,2741,601801,20.3635,79.6365,1.3033,0.4386,58.609,11.9348,29.3696,4.0111,17.4514,0.2224,48.8235,17,1,120,87,232,71,120
BIS,"Bismarck/Mandan, ND: Bismarck Municipal",6534,1332,571.47,101.5,290.45,1,367.59,54,13,103819,44384,11042,18261,87,30045,20.3857,79.6143,0.8264,0.199,77.9422,15.889,42.7513,10.6358,17.5893,0.0838,28.9398,17,1,121,31,97,164,121
MAF,"Midland/Odessa, TX: Midland International Air and Space Port",15509,3162,1202.8,194.61,587.86,3.55,1173.24,239,43,227166,86371,22437,34469,167,83722,20.3882,79.6118,1.541,0.2773,71.8425,14.6474,38.0211,9.8769,15.1735,0.0735,36.855,17,1,122,111,155,119,122
DAL,"Dallas, TX: Dallas Love Field",100322,20462,5867.31,436.79,4725.04,71.25,9353.58,1641,451,1183437,304989,40787,256719,3235,576107,20.3963,79.6037,1.6357,0.4496,57.8358,11.7964,25.7715,3.4465,21.6927,0.2734,48.6808,17,1,123,125,235,66,123
ELM,"Elmira/Corning, NY: Elmira/Corning Regional",1756,359,241.54,42.45,51.69,0.94,22.36,15,2,31115,22080,5202,2597,59,1177,20.4442,79.5558,0.8542,0.1139,86.6713,17.7192,70.9626,16.7186,8.3465,0.1896,3.7827,17,1,124,37,31,212,124
ROW,"Roswell, NM: Roswell Air Center",1457,298,132.8,43.4,36.81,3,82.01,48,5,20939,9017,4754,2523,345,4300,20.453,79.547,3.2944,0.3432,70.2651,14.3713,43.0632,22.704,12.0493,1.6476,20.5358,17,1,125,272,194,114,125
BMI,"Bloomington/Normal, IL: Central Il Regional Airport at Bloomington",3743,768,249.94,75.38,164.38,0,278.36,68,11,56807,19326,8342,8866,0,20273,20.5183,79.4817,1.8167,0.2939,73.9674,15.1769,34.0205,14.6848,15.6072,0,35.6875,17,1,126,142,170,139,126
BPT,"Beaumont/Port Arthur, TX: Jack Brooks Regional",1022,210,101.21,47.89,17.31,0,43.58,47,5,23128,10306,8819,961,0,3042,20.5479,79.4521,4.5988,0.4892,110.1333,22.6301,44.5607,38.1313,4.1551,0,13.1529,17,1,127,295,246,274,127
SWO,"Stillwater, OK: Stillwater Regional",1031,212,94.41,27.1,18.65,1,70.87,54,4,20237,6773,4996,1952,128,6388,20.5626,79.4374,5.2376,0.388,95.4575,19.6285,33.4684,24.6875,9.6457,0.6325,31.5659,17,1,128,298,214,248,128
ANC,"Anchorage, AK: Ted Stevens Anchorage International",30866,6354,1901.03,202.75,1883.14,104.63,2262.4,548,62,348033,119288,17211,64595,3695,143244,20.5858,79.4142,1.7754,0.2009,54.7738,11.2756,34.2749,4.9452,18.56,1.0617,41.1582,17,1,129,136,99,59,129
SHR,"Sheridan, WY: Sheridan County",1068,220,92.58,18.42,46.58,1,61.42,15,5,21565,7508,2018,3733,49,8257,20.5993,79.4007,1.4045,0.4682,98.0227,20.1919,34.8157,9.3578,17.3105,0.2272,38.2889,17,1,130,94,239,256,130
LAS,"Las Vegas, NV: Harry Reid International",257741,53103,14464.4,1390.03,15698.24,119.52,21428.81,2186,342,3379233,965828,147083,813716,6551,1445830,20.6032,79.3968,0.8481,0.1327,63.6354,13.111,28.5813,4.3526,24.0799,0.1939,42.7857,17,1,131,35,51,91,131
JAN,"Jackson/Vicksburg, MS: Jackson Medgar Wiley Evers International",12633,2606,955.65,147.13,450.14,4.94,1048.08,290,39,188395,61540,17166,20890,364,88435,20.6285,79.3715,2.2956,0.3087,72.2928,14.9129,32.6654,9.1117,11.0884,0.1932,46.9413,17,1,132,207,178,129,132
HOU,"Houston, TX: William P Hobby",76683,15835,4491.48,321.98,3877.94,60.48,7080.09,904,203,858970,232096,27848,174307,2161,422241,20.6499,79.3501,1.1789,0.2647,54.245,11.2016,27.0203,3.242,20.2926,0.2516,49.1567,17,1,133,75,147,56,133
ONT,"Ontario, CA: Ontario International",37244,7698,2798.22,157.5,1113.98,11.85,3614.45,314,49,440901,154567,14564,43705,448,227286,20.6691,79.3309,0.8431,0.1316,57.2747,11.8382,35.0571,3.3032,9.9127,0.1016,51.5503,17,1,134,34,50,69,134
MLU,"Monroe, LA: Monroe Regional",3016,624,220.49,43.24,114.04,0,246.23,82,14,44083,13514,6376,6673,0,17520,20.6897,79.3103,2.7188,0.4642,70.6458,14.6164,30.6558,14.4636,15.1374,0,39.7432,17,1,135,252,238,118,135
SBY,"Salisbury, MD: Salisbury-Ocean City/Wicomico Regional",2589,536,141.08,43.11,96.52,0,255.28,37,35,45719,9139,7630,4024,0,24926,20.703,79.297,1.4291,1.3519,85.2966,17.6589,19.9895,16.6889,8.8016,0,54.52,17,1,136,98,290,211,136
STT,"Charlotte Amalie, VI: Cyril E King",8112,1682,566.4,50.67,737.01,7.41,320.56,86,45,101568,39554,4758,31875,294,25087,20.7347,79.2653,1.0602,0.5547,60.3853,12.5207,38.9434,4.6845,31.3829,0.2895,24.6997,17,1,137,61,255,80,137
DRO,"Durango, CO: Durango La Plata County",6163,1282,614.08,76.95,188.17,1.36,401.41,83,17,94619,44095,8770,10044,33,31677,20.8016,79.1984,1.3467,0.2758,73.8058,15.3528,46.6027,9.2688,10.6152,0.0349,33.4785,17,1,138,88,153,144,138
PRC,"Prescott, AZ: Prescott Regional Ernest A Love Field",1230,256,101.15,18.57,28.74,0,107.56,14,9,35350,13104,2693,2332,0,17221,20.813,79.187,1.1382,0.7317,138.0859,28.7398,37.0693,7.6181,6.5969,0,48.7157,17,1,139,73,269,295,139
JAC,"Jackson, WY: Jackson Hole",8842,1848,770.31,90.9,446.07,0,540.67,100,95,129017,50605,10993,18308,0,49111,20.9002,79.0998,1.131,1.0744,69.8144,14.5914,39.2235,8.5206,14.1904,0,38.0655,17,1,140,71,284,117,140
PAE,"Everett, WA: Snohomish County",4952,1037,158.17,8.44,205.21,0,665.16,78,32,64168,12704,721,6992,0,43751,20.941,79.059,1.5751,0.6462,61.8785,12.958,19.798,1.1236,10.8964,0,68.182,17,1,141,116,259,86,141
ACT,"Waco, TX: Waco Regional",1527,322,140.31,35.04,34.94,0,111.71,68,2,22708,9242,3947,1798,0,7721,21.0871,78.9129,4.4532,0.131,70.5217,14.871,40.6993,17.3815,7.9179,0,34.0012,17,1,142,291,48,128,142
SJT,"San Angelo, TX: San Angelo Regional/Mathis Field",1531,323,164.79,49.82,36.02,0,72.37,65,5,28703,14398,6424,2560,0,5321,21.0973,78.9027,4.2456,0.3266,88.8638,18.7479,50.162,22.3809,8.9189,0,18.5381,17,1,143,290,187,240,143
CHO,"Charlottesville, VA: Charlottesville Albemarle",10115,2140,749.9,105.3,443.92,2.37,838.55,250,38,184644,60631,15916,23476,134,84487,21.1567,78.8433,2.4716,0.3757,86.2822,18.2545,32.8367,8.6198,12.7142,0.0726,45.7567,17,1,144,227,208,224,144
GSO,"Greensboro/High Point, NC: Piedmont Triad International",22072,4670,1507.5,201.14,1065.48,3.88,1892.02,644,17,345960,106448,25572,52103,166,161671,21.158,78.842,2.9177,0.077,74.0814,15.6742,30.7689,7.3916,15.0604,0.048,46.7311,17,1,145,261,15,158,145
BTR,"Baton Rouge, LA: Baton Rouge Metropolitan/Ryan Field",9976,2119,776.24,155.16,376.5,1.49,809.52,302,20,164780,53502,18044,17436,102,75696,21.241,78.759,3.0273,0.2005,77.7631,16.5176,32.4687,10.9504,10.5814,0.0619,45.9376,17,1,146,262,98,185,146
RAP,"Rapid City, SD: Rapid City Regional",8550,1818,711.82,101.67,444.6,3.73,556.2,127,36,125959,45882,13371,22599,168,43939,21.2632,78.7368,1.4854,0.4211,69.2844,14.732,36.4261,10.6154,17.9416,0.1334,34.8836,17,1,147,104,225,120,147
FLG,"Flagstaff, AZ: Flagstaff Pulliam",2397,511,294.78,33.88,50.81,0,131.53,49,10,51407,32232,4097,2694,0,12384,21.3183,78.6817,2.0442,0.4172,100.6008,21.4464,62.6996,7.9697,5.2405,0,24.0901,17,1,148,171,224,268,148
JFK,"New York, NY: John F. Kennedy International",175411,37467,10395.41,1020.55,14031.63,70.86,11948.42,5040,517,3094568,958651,120675,914694,4494,1096054,21.3595,78.6405,2.8733,0.2947,82.5945,17.6418,30.9785,3.8996,29.5581,0.1452,35.4186,17,1,149,259,172,209,149
ILM,"Wilmington, NC: Wilmington International",15116,3236,916.69,125.94,724.72,5.96,1462.71,497,19,235020,61563,18599,33605,293,120960,21.4078,78.5922,3.2879,0.1257,72.6267,15.5478,26.1948,7.9138,14.2988,0.1247,51.468,17,1,150,271,43,152,150
SRQ,"Sarasota/Bradenton, FL: Sarasota/Bradenton International",26109,5598,1672.67,165.5,1743.27,23.25,1993.37,379,58,385912,119358,21694,90605,946,153309,21.4409,78.5591,1.4516,0.2221,68.9375,14.7808,30.9288,5.6215,23.4782,0.2451,39.7264,17,1,151,100,117,122,151
BGR,"Bangor, ME: Bangor International",7822,1678,484,56.07,368.41,4.71,764.82,283,24,131629,38531,7835,17512,219,67532,21.4523,78.5477,3.618,0.3068,78.444,16.828,29.2724,5.9523,13.3041,0.1664,51.3048,17,1,152,280,177,193,152
LBB,"Lubbock, TX: Lubbock Preston Smith International",10878,2342,789.81,114.54,373.27,3.82,1060.51,214,32,172371,56407,13227,20991,147,81599,21.5297,78.4703,1.9673,0.2942,73.5999,15.8458,32.7242,7.6736,12.1778,0.0853,47.3392,17,1,153,158,171,161,153
ECP,"Panama City, FL: Northwest Florida Beaches International",14946,3218,1117.13,135.66,712.93,2.32,1249.94,258,49,206221,65933,15215,32578,131,92364,21.5308,78.4692,1.7262,0.3278,64.0836,13.7977,31.972,7.378,15.7976,0.0635,44.7888,17,1,154,132,189,100,154
MFE,"Mission/McAllen/Edinburg, TX: McAllen International",9015,1944,798.94,176.41,275.67,2.38,690.66,168,16,148448,58066,16055,14633,88,59606,21.5641,78.4359,1.8636,0.1775,76.3621,16.4668,39.1154,10.8152,9.8573,0.0593,40.1528,17,1,155,147,80,182,155
PWM,"Portland, ME: Portland International Jetport",17894,3866,1258.52,112.16,827.59,3.54,1664.28,447,26,276495,84866,18506,37360,109,135654,21.605,78.395,2.498,0.1453,71.5197,15.4518,30.6935,6.6931,13.512,0.0394,49.062,17,1,156,229,60,149,156
VPS,"Valparaiso, FL: Eglin AFB Destin Fort Walton Beach",14950,3230,962.76,156.04,746.36,9.33,1354.45,241,47,237451,74433,18311,37264,391,106705,21.6054,78.3946,1.612,0.3144,73.5142,15.883,31.3467,7.7115,15.6933,0.1647,44.9377,17,1,157,122,180,163,157
AZA,"Phoenix, AZ: Phoenix - Mesa Gateway",9387,2030,481.81,156.91,638.05,9.72,743.54,23,8,174359,70311,19277,28175,357,56239,21.6257,78.3743,0.245,0.0852,85.8911,18.5745,40.3254,11.0559,16.1592,0.2047,32.2547,17,1,158,2,19,233,158
XNA,"Fayetteville, AR: Northwest Arkansas National",25940,5614,1835.44,313.42,1497.9,3.82,1963.41,547,83,414972,137840,42213,69234,359,165326,21.6423,78.3577,2.1087,0.32,73.9173,15.9974,33.2167,10.1725,16.684,0.0865,39.8403,17,1,159,176,182,168,159
BQK,"Brunswick, GA: Brunswick Golden Isles",1510,327,136.91,16.46,47.18,0,126.46,23,7,23399,7946,2814,2831,0,9808,21.6556,78.3444,1.5232,0.4636,71.5566,15.496,33.9587,12.0262,12.0988,0,41.9163,17,1,160,110,237,150,160
SDF,"Louisville, KY: Louisville Muhammad Ali International",37388,8104,2785.63,341.37,1871.07,11.18,3094.82,839,70,570649,188476,42245,90113,593,249222,21.6754,78.3246,2.244,0.1872,70.4157,15.2629,33.0284,7.403,15.7913,0.1039,43.6734,17,1,161,196,85,140,161
SAF,"Santa Fe, NM: Santa Fe Municipal",5534,1201,603.11,120.73,180.57,0,296.56,98,21,86455,39120,13789,14009,0,19537,21.7022,78.2978,1.7709,0.3795,71.9858,15.6225,45.249,15.9493,16.2038,0,22.5979,17,1,162,135,211,154,162
DEN,"Denver, CO: Denver International",445036,96745,28576.55,3794.99,36493.16,146.92,27732.35,4026,1659,7129578,2129756,449763,2273891,6796,2269273,21.7387,78.2613,0.9046,0.3728,73.6945,16.0202,29.8721,6.3084,31.8938,0.0953,31.829,17,1,163,44,207,169,163
BNA,"Nashville, TN: Nashville International",153879,33618,9768.44,985.54,8665.08,84.13,14112.91,2401,371,2118557,612309,109608,422773,4605,968925,21.847,78.153,1.5603,0.2411,63.0185,13.7677,28.9022,5.1737,19.9557,0.2174,45.7351,17,1,164,114,131,99,164
GRK,"Killeen, TX: Robert Gray AAF",2564,561,195.47,52.65,94.24,1.16,217.5,108,5,36488,12781,6118,4232,132,13225,21.8799,78.1201,4.2122,0.195,65.041,14.2309,35.028,16.7672,11.5983,0.3618,36.2448,17,1,165,289,92,111,165
PIT,"Pittsburgh, PA: Pittsburgh International",65403,14336,4666.98,462.97,3115.53,22.16,6068.26,1194,63,977823,309258,53852,148839,975,464899,21.9195,78.0805,1.8256,0.0963,68.2075,14.9507,31.6272,5.5073,15.2215,0.0997,47.5443,17,1,166,144,21,130,166
MYR,"Myrtle Beach, SC: Myrtle Beach International",20563,4510,1382.43,168.57,1317.45,12.92,1628.65,481,57,304647,90000,20522,68046,670,125409,21.9326,78.0674,2.3392,0.2772,67.5492,14.8153,29.5424,6.7363,22.336,0.2199,41.1653,17,1,167,214,154,125,167
AUS,"Austin, TX: Austin - Bergstrom International",124941,27456,8803.38,955.3,7434.99,44.18,10214.14,1388,273,1765920,597558,97441,347862,2214,720314,21.9752,78.0248,1.1109,0.2185,64.3182,14.134,33.8383,5.5179,19.6986,0.1254,40.7897,17,1,168,70,114,107,168
SAV,"Savannah, GA: Savannah/Hilton Head International",32695,7208,2431.43,279.29,1791.46,13.35,2692.49,742,74,520624,167145,33803,84452,893,234331,22.0462,77.9538,2.2695,0.2263,72.2286,15.9237,32.1047,6.4928,16.2213,0.1715,45.0096,17,1,169,202,119,166,169
MHT,"Manchester, NH: Manchester Boston Regional",11032,2434,778.99,69.82,386.77,6.95,1191.48,276,15,177726,50284,8931,16511,356,101644,22.0631,77.9369,2.5018,0.136,73.0181,16.11,28.293,5.0252,9.2901,0.2003,57.1914,17,1,170,230,53,172,170
SAT,"San Antonio, TX: San Antonio International",58543,12930,4644.87,361.42,2356.85,19.91,5542.91,723,101,825479,283020,40896,106461,1103,393016,22.0863,77.9137,1.235,0.1725,63.8422,14.1004,34.2855,4.9542,12.8969,0.1336,47.6107,17,1,171,79,78,106,171
LFT,"Lafayette, LA: Lafayette Regional Paul Fournet Field",7674,1695,641.83,143.71,302.31,1.87,605.24,193,16,137480,52011,16801,14614,230,53824,22.0876,77.9124,2.515,0.2085,81.1091,17.915,37.8317,12.2207,10.6299,0.1673,39.1504,17,1,172,232,104,216,172
CIU,"Sault Ste. Marie, MI: Chippewa County International",1166,258,167.75,47.38,27.52,1,14.35,39,16,23915,15393,5212,2261,18,1031,22.1269,77.8731,3.3448,1.3722,92.6938,20.5103,64.3655,21.7939,9.4543,0.0753,4.3111,17,1,173,274,293,260,173
MSY,"New Orleans, LA: Louis Armstrong New Orleans International",72486,16054,5252.56,463.52,3773.56,41.43,6522.9,1242,142,1031331,333448,46503,181358,2079,467943,22.1477,77.8523,1.7134,0.1959,64.2414,14.228,32.3318,4.509,17.5848,0.2016,45.3727,17,1,174,130,95,110,174
ELP,"El Paso, TX: El Paso International",26668,5918,2114.93,184.07,793.63,12.16,2813.16,296,40,373094,127724,19061,34548,601,191160,22.1914,77.8086,1.1099,0.15,63.0439,13.9903,34.2337,5.1089,9.2599,0.1611,51.2364,17,1,175,69,64,104,175
SGF,"Springfield, MO: Springfield-Branson National",15999,3551,1105.71,228.93,927.17,7.91,1281.28,316,71,245628,71529,24712,45525,502,103360,22.1951,77.8049,1.9751,0.4438,69.1715,15.3527,29.1209,10.0607,18.5341,0.2044,42.0799,17,1,176,159,234,143,176
IND,"Indianapolis, IN: Indianapolis International",73844,16444,5221.32,568.65,3749.51,31.27,6873.32,1422,97,1111588,338893,74635,184178,1531,512351,22.2686,77.7314,1.9257,0.1314,67.5984,15.0532,30.4873,6.7143,16.5689,0.1377,46.0918,17,1,177,153,49,136,177
SIT,"Sitka, AK: Sitka Rocky Gutierrez",1820,406,81.66,14.64,74.25,1.7,233.77,39,12,22115,4397,1355,2632,68,13663,22.3077,77.6923,2.1429,0.6593,54.4704,12.1511,19.8824,6.1271,11.9014,0.3075,61.7816,17,1,178,184,260,74,178
MIA,"Miami, FL: Miami International",160991,35952,10637.68,1203.95,12053.38,103.03,11954.01,2511,426,2822453,952206,149365,594068,6636,1120178,22.3317,77.6683,1.5597,0.2646,78.5061,17.5317,33.7368,5.292,21.0479,0.2351,39.6881,17,1,179,113,146,208,179
MCI,"Kansas City, MO: Kansas City International",72301,16173,5424.66,457.95,3335.8,37.19,6917.38,1205,210,1026682,345578,50846,147984,2292,479982,22.369,77.631,1.6666,0.2905,63.4812,14.2001,33.6597,4.9525,14.4138,0.2232,46.7508,17,1,180,128,164,108,180
RDU,"Raleigh/Durham, NC: Raleigh-Durham International",88662,19847,5999.46,528.93,4687.41,23.23,8606.92,1915,71,1366929,410460,66272,212031,1074,676955,22.385,77.615,2.1599,0.0801,68.8733,15.4173,30.0279,4.8482,15.5115,0.0786,49.5238,17,1,181,187,17,147,181
CMH,"Columbus, OH: John Glenn Columbus International",66171,14832,4742.37,457.65,3666.14,31.16,5933.85,1225,116,983507,304653,58288,169508,1524,449346,22.4147,77.5853,1.8513,0.1753,66.3098,14.8631,30.9762,5.9265,17.2351,0.155,45.6881,17,1,182,145,79,127,182
TYR,"Tyler, TX: Tyler Pounds Regional",1530,343,145.03,46.71,31.83,0,119.43,69,2,24937,10101,5393,1903,0,7540,22.4183,77.5817,4.5098,0.1307,72.7026,16.2987,40.5061,21.6265,7.6312,0,30.2362,17,1,183,294,47,177,183
BHM,"Birmingham, AL: Birmingham-Shuttlesworth International",29194,6546,2295.77,278.5,1351.62,13.48,2606.65,624,53,456519,148135,33960,67271,579,206574,22.4224,77.5776,2.1374,0.1815,69.7401,15.6374,32.4488,7.4389,14.7356,0.1268,45.2498,17,1,184,181,83,155,184
PHL,"Philadelphia, PA: Philadelphia International",174818,39216,10452.9,1448.88,10615.99,53.96,16644.31,4096,357,3530199,1150064,177954,538045,3004,1661132,22.4325,77.5675,2.343,0.2042,90.0194,20.1936,32.5779,5.0409,15.2412,0.0851,47.0549,17,1,185,216,100,257,185
SCE,"State College, PA: University Park",5137,1153,361.22,52.86,269.86,0,469.12,127,34,104671,26768,10131,14088,0,53684,22.445,77.555,2.4723,0.6619,90.7814,20.3759,25.5735,9.6789,13.4593,0,51.2883,17,1,186,228,261,258,186
CMI,"Champaign/Urbana, IL: University of Illinois/Willard",2404,540,101.93,54.37,116.45,0,267.24,57,7,35958,5171,5491,5818,0,19478,22.4626,77.5374,2.371,0.2912,66.5889,14.9576,14.3807,15.2706,16.18,0,54.1688,17,1,187,219,166,131,187
LIT,"Little Rock, AR: Bill and Hillary Clinton Nat Adams Field",21549,4842,1583.08,253.37,1116.63,8.15,1879.72,485,41,341959,103241,29578,55751,361,152719,22.4697,77.5303,2.2507,0.1903,70.6235,15.8689,30.191,8.6496,16.3034,0.1056,44.66,17,1,188,199,86,162,188
PNS,"Pensacola, FL: Pensacola International",21552,4848,1651.39,201.36,1124.12,6.85,1863.38,464,77,330260,104484,26838,56398,386,142017,22.4944,77.5056,2.1529,0.3573,68.1229,15.3239,31.6369,8.1263,17.0768,0.1169,43.0016,17,1,189,186,202,141,189
VLD,"Valdosta, GA: Valdosta Regional",1448,326,123.04,13.48,56.38,0,133.13,27,7,23337,7800,2602,2949,0,9986,22.5138,77.4862,1.8646,0.4834,71.5859,16.1167,33.4233,11.1497,12.6366,0,42.7904,17,1,190,148,242,174,190
COD,"Cody, WY: Yellowstone Regional",1248,281,109.05,20.46,54.63,0,96.84,22,29,22269,6890,2147,3328,0,9904,22.516,77.484,1.7628,2.3237,79.2491,17.8438,30.9399,9.6412,14.9445,0,44.4744,17,1,191,134,300,215,191
CAE,"Columbia, SC: Columbia Metropolitan",16025,3616,1167.61,153.32,813.62,3.3,1478.23,443,36,267518,78879,19569,40387,289,128394,22.5647,77.4353,2.7644,0.2246,73.9817,16.6938,29.4855,7.315,15.0969,0.108,47.9945,17,1,192,255,118,190,192
CLE,"Cleveland, OH: Cleveland-Hopkins International",63814,14416,4733.8,500.02,3246.63,21.21,5914.35,1290,100,1015528,328491,55906,150761,971,479399,22.5907,77.4093,2.0215,0.1567,70.4445,15.9139,32.3468,5.5051,14.8456,0.0956,47.2069,17,1,193,168,68,165,193
AGS,"Augusta, GA: Augusta Regional at Bush Field",7803,1763,538.49,105.26,410.34,1,707.9,215,11,140637,45228,16771,20940,28,57670,22.5939,77.4061,2.7554,0.141,79.7714,18.0235,32.1594,11.925,14.8894,0.0199,41.0063,17,1,194,254,57,219,194
FAR,"Fargo, ND: Hector International",11003,2490,1024.17,168.69,591.26,2.39,703.55,152,26,187666,76171,17745,31227,119,62404,22.6302,77.3698,1.3814,0.2363,75.3679,17.0559,40.5886,9.4556,16.6397,0.0634,33.2527,17,1,195,90,124,197,195
CHS,"Charleston, SC: Charleston AFB/International",38815,8793,2954.44,270.17,2311.97,11.45,3244.89,909,64,586481,191952,29490,109485,602,254952,22.6536,77.3464,2.3419,0.1649,66.6986,15.1096,32.7294,5.0283,18.6681,0.1026,43.4715,17,1,196,215,75,138,196
OKC,"Oklahoma City, OK: Will Rogers World",35610,8069,3141.62,487.17,1426.17,11.76,3001.25,625,150,548783,193427,57934,78257,633,218409,22.6594,77.3406,1.7551,0.4212,68.0113,15.4109,35.2465,10.5568,14.2601,0.1153,39.7988,17,1,197,133,226,146,197
DFW,"Dallas/Fort Worth, TX: Dallas/Fort Worth International",441987,100162,26665.64,6821.83,27797.71,201.96,38674.84,13651,2202,9251530,3065280,944961,1563360,9045,3668884,22.6618,77.3382,3.0886,0.4982,92.3657,20.9317,33.1327,10.2141,16.8984,0.0978,39.6571,17,1,198,265,247,263,198
TUL,"Tulsa, OK: Tulsa International",28164,6384,2301.75,281.17,1084.72,11.28,2705.14,532,65,431914,144029,33722,55042,464,198657,22.6672,77.3328,1.8889,0.2308,67.6557,15.3357,33.3467,7.8076,12.7437,0.1074,45.9946,17,1,199,149,121,142,199
AVL,"Asheville, NC: Asheville Regional",18166,4119,1153.76,231.63,1013.53,7.77,1712.29,359,43,308516,84545,34399,50200,337,139035,22.6742,77.3258,1.9762,0.2367,74.9007,16.9832,27.4038,11.1498,16.2714,0.1092,45.0657,17,1,200,160,125,196,200
MQT,"Marquette, MI: Marquette Sawyer Regional",1926,437,181.71,72.65,75.88,0,106.78,89,13,46740,16902,13614,4248,0,11976,22.6895,77.3105,4.621,0.675,106.9565,24.2679,36.1617,29.1271,9.0886,0,25.6226,17,1,201,296,264,284,201
OMA,"Omaha, NE: Eppley Airfield",36466,8278,3234.28,392.04,1604.27,10.27,3037.24,522,77,538437,212369,39253,75059,710,211046,22.7006,77.2994,1.4315,0.2112,65.0443,14.7655,39.4418,7.2902,13.9402,0.1319,39.196,17,1,202,99,106,121,202
HSV,"Huntsville, AL: Huntsville International-Carl T Jones Field",19277,4378,1566,238.44,828.85,0.75,1743.93,476,50,363876,117118,35166,46447,16,165129,22.711,77.289,2.4693,0.2594,83.1147,18.8762,32.1862,9.6643,12.7645,0.0044,45.3806,17,1,203,226,143,241,203
IMT,"Iron Mountain/Kingsfd, MI: Ford",1029,234,169.01,43.72,20.85,0.41,0,27,10,26011,18105,6313,1586,7,0,22.7405,77.2595,2.6239,0.9718,111.1581,25.2779,69.6052,24.2705,6.0974,0.0269,0,17,1,204,241,280,287,204
XWA,"Williston, ND: Williston Basin International",3319,755,422.24,77.19,134.4,2.61,118.58,43,28,67930,35630,10283,7751,828,13438,22.7478,77.2522,1.2956,0.8436,89.9735,20.467,52.4511,15.1376,11.4103,1.2189,19.7821,17,1,205,86,273,259,205
RSW,"Fort Myers, FL: Southwest Florida International",53285,12129,3758.84,311.61,4057.89,16.99,3983.77,844,227,790606,251500,33343,196787,821,308155,22.7625,77.2375,1.5839,0.426,65.1831,14.8373,31.811,4.2174,24.8907,0.1038,38.9771,17,1,206,118,227,126,206
MTJ,"Montrose/Delta, CO: Montrose Regional",3921,893,320.82,18.07,223.11,0.23,330.81,36,6,58033,19630,2089,11356,6,24952,22.7748,77.2252,0.9181,0.153,64.9866,14.8006,33.8256,3.5997,19.5682,0.0103,42.9962,17,1,207,46,67,124,207
DHN,"Dothan, AL: Dothan Regional",1448,330,138.06,22.63,50.96,0,118.34,32,0,26640,9962,3184,2638,0,10856,22.7901,77.2099,2.2099,0,80.7273,18.3978,37.3949,11.952,9.9024,0,40.7508,17,1,208,194,1,228,208
MDT,"Harrisburg, PA: Harrisburg International",15668,3588,1127.54,212.24,749.65,2.48,1496.1,248,13,287637,89036,28632,37110,125,132734,22.9002,77.0998,1.5828,0.083,80.1664,18.3582,30.9543,9.9542,12.9017,0.0435,46.1464,17,1,209,117,18,226,209
ACY,"Atlantic City, NJ: Atlantic City International",3627,833,242.34,31.25,324.91,3.39,231.08,116,9,62681,20358,2319,20001,114,19889,22.9666,77.0334,3.1982,0.2481,75.2473,17.2818,32.4787,3.6997,31.9092,0.1819,31.7305,17,1,210,269,137,202,210
GSP,"Greer, SC: Greenville-Spartanburg International",27276,6268,1986.57,240.62,1540.03,8.47,2492.3,716,35,447766,140281,27718,73715,598,205454,22.9799,77.0201,2.625,0.1283,71.4368,16.4161,31.3291,6.1903,16.4628,0.1336,45.8842,17,1,211,242,45,179,211
BLV,"Belleville, IL: Scott AFB MidAmerica St Louis",1899,437,128.04,48.33,111.75,0,148.93,11,2,34131,13273,6062,5605,0,9191,23.0121,76.9879,0.5793,0.1053,78.103,17.9731,38.8884,17.761,16.422,0,26.9286,17,1,212,12,26,217,212
BDL,"Hartford, CT: Bradley International",34021,7839,2812.01,247.94,1686.55,17.02,3075.53,679,72,528500,178682,29667,76676,682,242793,23.0417,76.9583,1.9958,0.2116,67.4193,15.5345,33.8093,5.6134,14.5082,0.129,45.94,17,1,213,166,107,151,213
CWA,"Mosinee, WI: Central Wisconsin",2398,553,146.4,44.07,149.74,0,212.89,51,7,39578,10963,6151,6442,0,16022,23.0609,76.9391,2.1268,0.2919,71.5696,16.5046,27.6997,15.5415,16.2767,0,40.4821,17,1,214,179,168,183,214
LSE,"La Crosse, WI: La Crosse Regional",1499,346,83.8,35.28,92.63,1,133.29,51,1,22623,4771,3477,3913,28,10434,23.0821,76.9179,3.4023,0.0667,65.3844,15.0921,21.0892,15.3693,17.2966,0.1238,46.1212,17,1,215,277,11,137,215
DSM,"Des Moines, IA: Des Moines International",25759,5949,2033.74,302.3,1277.8,5.4,2329.85,573,69,443759,147646,40143,62237,157,193576,23.0948,76.9052,2.2245,0.2679,74.5939,17.2273,33.2717,9.0461,14.025,0.0354,43.6219,17,1,216,195,150,200,216
ITH,"Ithaca/Cortland, NY: Ithaca Tompkins International",2158,499,154.24,33.43,116.28,0,195.01,101,18,54296,15708,15062,5143,0,18383,23.1233,76.8767,4.6803,0.8341,108.8096,25.1603,28.9303,27.7405,9.4722,0,33.857,17,1,217,297,272,286,217
AVP,"Scranton/Wilkes-Barre, PA: Wilkes Barre Scranton International",4671,1081,326.9,45.38,236.8,2.57,469.38,110,16,90171,27594,5132,11229,147,46069,23.1428,76.8572,2.355,0.3425,83.4144,19.3044,30.6019,5.6914,12.453,0.163,51.0907,17,1,218,218,193,247,218
SPI,"Springfield, IL: Abraham Lincoln Capital",1144,265,83.83,26.29,54.09,0,100.81,29,3,19625,6362,2709,2734,0,7820,23.1643,76.8357,2.535,0.2622,74.0566,17.1547,32.4178,13.8038,13.9312,0,39.8471,17,1,219,236,144,198,219
ICT,"Wichita, KS: Wichita Dwight D Eisenhower National",18115,4201,1586.56,250.77,851.39,7.62,1504.66,388,56,299780,102708,30582,41064,435,124991,23.1907,76.8093,2.1419,0.3091,71.3592,16.5487,34.2611,10.2015,13.698,0.1451,41.6942,17,1,220,183,179,186,220
BFL,"Bakersfield, CA: Meadows Field",4209,980,394.29,76.86,155.62,1.03,352.16,42,15,78708,28090,12322,8665,108,29523,23.2834,76.7166,0.9979,0.3564,80.3143,18.6999,35.6889,15.6553,11.009,0.1372,37.5095,17,1,221,55,201,239,221
ABE,"Allentown/Bethlehem/Easton, PA: Lehigh Valley International",6865,1600,468.09,112.16,342.9,3.54,673.26,147,8,128108,33019,15085,18693,77,61234,23.3066,76.6934,2.1413,0.1165,80.0675,18.661,25.7743,11.7752,14.5916,0.0601,47.7987,17,1,222,182,33,236,222
ROC,"Rochester, NY: Frederick Douglass Grtr Rochester International",23087,5383,1828,176.95,1166.69,8.68,2202.62,581,50,383247,123887,23376,57108,389,178487,23.3162,76.6838,2.5166,0.2166,71.1958,16.6001,32.3256,6.0995,14.9011,0.1015,46.5723,17,1,223,234,112,187,223
MHK,"Manhattan/Ft. Riley, KS: Manhattan Regional",2456,573,222.17,77.16,124.26,1.12,148.33,92,8,44567,16912,11360,5802,67,10426,23.3306,76.6694,3.7459,0.3257,77.7784,18.1462,37.9474,25.4897,13.0186,0.1503,23.394,17,1,224,283,186,222,224
CPR,"Casper, WY: Casper/Natrona County International",3461,808,302.06,57.2,187.86,0.92,259.98,41,10,63010,21116,4986,13145,23,23740,23.3459,76.6541,1.1846,0.2889,77.9827,18.2057,33.5121,7.913,20.8618,0.0365,37.6766,17,1,225,76,162,223,225
CHA,"Chattanooga, TN: Lovell Field",15037,3513,1171.79,190.56,718.71,3.1,1428.81,344,22,280746,93542,22014,37396,1026,126768,23.3624,76.6376,2.2877,0.1463,79.9163,18.6703,33.3191,7.8413,13.3202,0.3655,45.154,17,1,226,206,61,237,226
MGM,"Montgomery, AL: Montgomery Regional",5530,1292,482.03,136.35,230.73,2.33,440.5,139,12,113703,42383,18644,12225,69,40382,23.3635,76.6365,2.5136,0.217,88.0054,20.5611,37.2752,16.3971,10.7517,0.0607,35.5153,17,1,227,231,113,262,227
TPA,"Tampa, FL: Tampa International",113171,26556,8252.02,589.91,7421.47,58.21,10234.35,1603,269,1787464,550452,63196,374824,3044,795948,23.4654,76.5346,1.4164,0.2377,67.3092,15.7944,30.7951,3.5355,20.9696,0.1703,44.5295,17,1,228,95,127,159,228
RKS,"Rock Springs, WY: Southwest Wyoming Regional",1030,242,97.56,15.6,56.51,0,72.35,11,9,21583,8560,2115,3934,0,6974,23.4951,76.5049,1.068,0.8738,89.186,20.9544,39.6608,9.7994,18.2273,0,32.3125,17,1,229,63,277,265,229
BTV,"Burlington, VT: Burlington International",13064,3071,995.26,116.53,787.9,3.9,1167.53,399,56,247759,81143,19143,35364,364,111745,23.5073,76.4927,3.0542,0.4287,80.677,18.965,32.7508,7.7265,14.2735,0.1469,45.1023,17,1,230,264,228,243,230
AZO,"Kalamazoo, MI: Kalamazoo/Battle Creek International",2797,658,321.77,102.87,100.73,0,132.63,69,8,65343,34342,12453,5263,0,13285,23.5252,76.4748,2.4669,0.286,99.3055,23.3618,52.5565,19.0579,8.0544,0,20.3312,17,1,231,225,158,277,231
MCO,"Orlando, FL: Orlando International",230234,54196,15239.43,1176.85,18678.16,133.11,18968.4,3406,870,3891106,1107846,136374,1060559,6101,1580226,23.5395,76.4605,1.4794,0.3779,71.7969,16.9007,28.4712,3.5048,27.256,0.1568,40.6112,17,1,232,103,209,195,232
CSG,"Columbus, GA: Columbus Airport",1124,265,118.34,15.82,40.55,0,90.31,30,3,24468,9964,3712,1905,0,8887,23.5765,76.4235,2.669,0.2669,92.3321,21.7687,40.7226,15.1708,7.7857,0,36.3209,15,1,233,247,149,271,233
SHV,"Shreveport, LA: Shreveport Regional",9590,2269,1066.31,262.61,378.14,3.37,558.5,269,19,207701,99181,31138,23953,515,52914,23.6601,76.3399,2.805,0.1981,91.5386,21.6581,47.7518,14.9917,11.5324,0.248,25.476,17,1,234,257,96,269,234
ABY,"Albany, GA: Southwest Georgia Regional",1457,345,198.04,50.16,42.31,0,54.47,29,2,34461,20467,7141,2864,0,3989,23.6788,76.3212,1.9904,0.1373,99.887,23.652,59.3918,20.722,8.3108,0,11.5754,17,1,235,164,55,282,235
GCK,"Garden City, KS: Garden City Regional",1029,244,72.41,37.01,39.35,0,95.22,33,7,15472,4455,3841,1729,0,5447,23.7123,76.2877,3.207,0.6803,63.4098,15.036,28.794,24.8255,11.175,0,35.2055,17,1,236,270,265,134,236
SAN,"San Diego, CA: San Diego International",142617,33859,10183.51,860.61,10877.46,73.17,11863.37,1578,480,1866606,557087,84319,478164,3191,743647,23.7412,76.2588,1.1065,0.3366,55.1288,13.0882,29.8449,4.5172,25.6168,0.171,39.8395,17,1,237,68,190,90,237
COU,"Columbia, MO: Columbia Regional",4072,969,302.52,71.56,239.51,0.99,354.37,142,12,71168,19200,7856,14486,65,29561,23.7967,76.2033,3.4872,0.2947,73.4448,17.4774,26.9784,11.0387,20.3547,0.0913,41.5369,17,1,238,279,172,206,238
SYR,"Syracuse, NY: Syracuse Hancock International",22562,5373,1718.95,193.56,1250.98,4.36,2205.18,595,33,392143,125071,25826,55827,245,185174,23.8144,76.1856,2.6372,0.1463,72.984,17.3807,31.8942,6.5859,14.2364,0.0625,47.221,17,1,239,244,61,203,239
MKE,"Milwaukee, WI: General Mitchell International",43462,10389,3997.22,497.54,2086.95,10.49,3796.81,875,85,725685,277015,62038,108947,343,277342,23.9036,76.0964,2.0133,0.1956,69.8513,16.697,38.1729,8.5489,15.013,0.0473,38.218,17,1,240,167,94,191,240
CVG,"Cincinnati, OH: Cincinnati/Northern Kentucky International",61259,14658,4298.6,538.66,3457.91,16.21,6346.81,1221,84,1101929,325500,66381,172876,1731,535441,23.9279,76.0721,1.9932,0.1371,75.1759,17.988,29.5391,6.0241,15.6885,0.1571,48.5912,17,1,241,165,54,218,241
COS,"Colorado Springs, CO: City of Colorado Springs Municipal",19001,4549,1817.45,257.07,797.47,8.69,1667.32,238,37,302784,107722,29016,46458,402,119043,23.9408,76.0592,1.2526,0.1947,66.5606,15.9352,35.5772,9.5831,15.3436,0.1328,39.3161,17,1,242,80,91,167,242
MEM,"Memphis, TN: Memphis International",36636,8772,3047.03,374.45,1925.43,10.26,3414.85,845,70,588254,201774,38900,94637,466,252477,23.9437,76.0563,2.3065,0.1911,67.0604,16.0567,34.3005,6.6128,16.0878,0.0792,42.9197,17,1,243,209,87,170,243
ROA,"Roanoke, VA: Roanoke Blacksburg Regional",11136,2669,808.36,152.04,665.47,0.99,1042.09,258,74,203447,56689,24184,32681,33,89860,23.9673,76.0327,2.3168,0.6645,76.2259,18.2693,27.8643,11.8871,16.0636,0.0162,44.1688,17,1,244,211,262,225,244
PVD,"Providence, RI: Rhode Island Tf Green International",24619,5920,2083.98,252.59,1130.49,9.59,2442.3,553,39,399389,131746,26330,52782,563,187892,24.0465,75.9535,2.2462,0.1584,67.4644,16.2228,32.9869,6.5926,13.2157,0.141,47.0449,17,1,245,197,69,176,245
EWR,"Newark, NJ: Newark Liberty International",188690,45513,9539.16,1228.11,23607.48,36.86,11101.34,5758,678,4044698,790385,169464,1924014,1577,1159258,24.1205,75.8795,3.0516,0.3593,88.8691,21.4357,19.5413,4.1898,47.5688,0.039,28.6612,17,1,246,263,203,267,246
ISP,"Islip, NY: Long Island MacArthur",7420,1790,569.51,45.55,312,6.76,856.23,120,24,114329,35015,4156,13415,221,61522,24.124,75.876,1.6173,0.3235,63.8709,15.4082,30.6265,3.6351,11.7337,0.1933,53.8114,17,1,247,124,184,145,247
RIC,"Richmond, VA: Richmond International",36628,8839,2978.82,314.68,2011.1,11.49,3522.97,931,68,653271,209967,40911,98284,528,303581,24.1318,75.8682,2.5418,0.1857,73.9078,17.8353,32.1409,6.2625,15.0449,0.0808,46.4709,17,1,248,237,84,214,248
PGD,"Punta Gorda, FL: Punta Gorda Airport",11267,2722,501.73,211.47,980.59,8.82,1019.42,74,39,225766,53477,27156,62300,1492,81341,24.159,75.841,0.6568,0.3461,82.9412,20.0378,23.6869,12.0284,27.5949,0.6609,36.0289,17,1,249,20,195,254,249
JAX,"Jacksonville, FL: Jacksonville International",43823,10612,3590.24,299.65,2626.84,18.1,4077.24,797,72,706191,233547,36468,125520,985,309671,24.2156,75.7844,1.8187,0.1643,66.5465,16.1146,33.0714,5.164,17.7742,0.1395,43.8509,17,1,250,143,74,173,250
LCK,"Columbus, OH: Rickenbacker International",1571,381,99.29,44.64,89.48,0.31,147.28,6,2,29148,8304,4369,5990,11,10474,24.2521,75.7479,0.3819,0.1273,76.5039,18.5538,28.4891,14.989,20.5503,0.0377,35.9339,17,1,251,7,44,230,251
STX,"Christiansted, VI: Henry E. Rohlsen",2078,505,174.17,15.24,143.33,6.04,166.18,18,3,31173,10009,1244,6767,209,12944,24.3022,75.6978,0.8662,0.1444,61.7287,15.0014,32.1079,3.9906,21.7079,0.6705,41.5231,17,1,252,39,59,133,252
FSD,"Sioux Falls, SD: Joe Foss Field",12824,3119,1218.41,222.43,718.41,2.11,957.7,182,23,237967,94565,26876,36426,96,80004,24.3216,75.6784,1.4192,0.1794,76.2959,18.5564,39.7387,11.294,15.3072,0.0403,33.6198,17,1,253,96,82,231,253
ORF,"Norfolk, VA: Norfolk International",34217,8336,2839.83,285.92,1986.96,17.7,3205.66,916,72,563225,179800,37095,93013,985,252332,24.3622,75.6378,2.677,0.2104,67.5654,16.4604,31.9233,6.5862,16.5144,0.1749,44.8013,17,1,254,250,105,181,254
ALB,"Albany, NY: Albany International",23507,5734,2030.35,252.91,1137.26,20.27,2293.34,446,50,434584,139247,37005,53716,1196,203420,24.3927,75.6073,1.8973,0.2127,75.7907,18.4874,32.0414,8.515,12.3603,0.2752,46.808,17,1,255,150,108,229,255
GRR,"Grand Rapids, MI: Gerald R. Ford International",29881,7297,2635.29,397.9,1600.73,9.24,2653.92,497,62,531177,195285,42292,77630,804,215166,24.4202,75.5798,1.6633,0.2075,72.7939,17.7764,36.7646,7.9619,14.6147,0.1514,40.5074,17,1,256,127,103,213,256
HPN,"White Plains, NY: Westchester County",17533,4284,1349.75,183.4,1114.44,10.88,1625.58,491,214,309327,91349,19185,54454,632,143707,24.4339,75.5661,2.8004,1.2206,72.2052,17.6426,29.5315,6.2022,17.604,0.2043,46.458,17,1,257,256,288,210,257
MSN,"Madison, WI: Dane County Regional-Truax Field",21250,5226,2012.06,303.47,1035.04,2.34,1873.06,485,34,396790,144430,36351,53081,182,162746,24.5929,75.4071,2.2824,0.16,75.9261,18.6725,36.3996,9.1613,13.3776,0.0459,41.0157,17,1,258,205,70,238,258
LGA,"New York, NY: LaGuardia",234817,57767,13704.09,1931.62,24363.64,79.06,17687.68,9199,1086,4614271,1220277,239315,1649703,4706,1500113,24.6009,75.3991,3.9175,0.4625,79.8773,19.6505,26.4457,5.1864,35.7522,0.102,32.5103,17,1,259,286,236,249,259
ATW,"Appleton, WI: Appleton International",12272,3024,1210.97,275.51,632.84,3.53,901.15,235,48,251935,104795,30432,36793,969,78946,24.6415,75.3585,1.9149,0.3911,83.3118,20.5293,41.596,12.0793,14.6042,0.3846,31.3359,17,1,260,152,215,261,260
DLH,"Duluth, MN: Duluth International",3607,890,463.35,83.05,155.35,0,188.23,79,9,75518,37281,10895,10951,0,16391,24.6742,75.3258,2.1902,0.2495,84.8517,20.9365,49.367,14.427,14.5012,0,21.7048,17,1,261,191,140,264,261
TYS,"Knoxville, TN: McGhee Tyson",31334,7756,2377.32,377.68,1859.03,11.06,3130.96,661,56,629574,185306,48977,94245,485,300561,24.7527,75.2473,2.1095,0.1787,81.1725,20.0924,29.4336,7.7794,14.9696,0.077,47.7404,17,1,262,177,81,255,262
LEX,"Lexington, KY: Blue Grass",15610,3867,1383.73,254.11,785.24,4.04,1439.84,363,37,295627,98055,32292,42431,307,122542,24.7726,75.2274,2.3254,0.237,76.4487,18.9383,33.1685,10.9232,14.3529,0.1038,41.4516,17,1,263,213,126,242,263
BOS,"Boston, MA: Logan International",202692,50307,12177.15,1211.5,20577.17,81.25,16259.98,4439,254,3722786,980523,137967,1216817,4095,1383384,24.8194,75.1806,2.19,0.1253,74.0014,18.3667,26.3384,3.706,32.6857,0.11,37.1599,17,1,264,190,42,227,264
MGW,"Morgantown, WV: Morgantown Municipal Walter L Bill Hart Field",1011,251,104.02,25.11,28.07,0,93.82,61,19,37452,12744,5500,3327,0,15881,24.8269,75.1731,6.0336,1.8793,149.2112,37.0445,34.0276,14.6855,8.8834,0,42.4036,17,1,265,302,298,300,265
MLI,"Moline, IL: Quad Cities International",8250,2054,730.13,144.93,474.69,1.71,702.54,187,19,143425,44588,19479,24360,48,54950,24.897,75.103,2.2667,0.2303,69.8272,17.3848,31.088,13.5813,16.9845,0.0335,38.3127,17,1,266,201,120,204,266
BUF,"Buffalo, NY: Buffalo Niagara International",36325,9078,2999.7,283.04,1997.18,19.96,3777.98,929,61,634980,194461,39705,93242,1436,306136,24.9911,75.0089,2.5575,0.1679,69.9471,17.4805,30.6247,6.253,14.6842,0.2261,48.2119,17,1,267,238,76,207,267
ORD,"Chicago, IL: Chicago O'Hare International",517799,129745,34692.26,5295.03,49507.02,122.7,40128.1,11684,1912,11288837,3243120,800634,3151929,7543,4085611,25.057,74.943,2.2565,0.3693,87.0079,21.8016,28.7286,7.0923,27.9208,0.0668,36.1916,17,1,268,200,206,272,268
CYS,"Cheyenne, WY: Cheyenne Regional/Jerry Olson Field",1038,261,111.57,19.12,45.08,0,85.24,14,6,30612,11826,2751,3111,0,12924,25.1445,74.8555,1.3487,0.578,117.2874,29.4913,38.6319,8.9867,10.1627,0,42.2187,17,1,269,89,256,296,269
CID,"Cedar Rapids/Iowa City, IA: The Eastern Iowa",13583,3445,1183.58,230.89,785.87,4.97,1239.71,281,30,269490,89060,32122,38212,372,109724,25.3626,74.6374,2.0688,0.2209,78.2264,19.8402,33.0476,11.9196,14.1794,0.138,40.7154,17,1,270,174,116,251,270
FWA,"Fort Wayne, IN: Fort Wayne International",10878,2778,1178.05,276.97,620.55,2.71,699.6,222,24,217747,92287,30825,34694,114,59827,25.5378,74.4622,2.0408,0.2206,78.3826,20.0172,42.3827,14.1563,15.9332,0.0524,27.4755,17,1,271,170,115,253,271
JLN,"Joplin, MO: Joplin Regional",1010,258,120.65,14.52,40.61,0,82.22,20,11,30337,13316,2538,4350,0,10133,25.5446,74.4554,1.9802,1.0891,117.5853,30.0366,43.8936,8.366,14.3389,0,33.4015,17,1,272,162,285,297,272
FLL,"Fort Lauderdale, FL: Fort Lauderdale-Hollywood International",129435,33094,9107.17,735.53,12195.3,116.64,10939.4,2525,348,2341826,659353,89116,672912,5008,915437,25.568,74.432,1.9508,0.2689,70.7629,18.0927,28.1555,3.8054,28.7345,0.2139,39.0907,17,1,273,156,151,220,273
PIA,"Peoria, IL: General Downing - Peoria International",8351,2144,702.54,149.97,517.86,2.72,770.89,219,18,160929,48062,17353,26850,164,68500,25.6736,74.3264,2.6224,0.2155,75.0602,19.2706,29.8653,10.783,16.6844,0.1019,42.5654,17,1,274,240,111,246,274
SFO,"San Francisco, CA: San Francisco International",208843,53826,14183.22,1382.94,25053.79,70.37,13135.82,2051,342,3600357,958143,151404,1432825,3967,1054018,25.7734,74.2266,0.9821,0.1638,66.8888,17.2395,26.6124,4.2052,39.7967,0.1102,29.2754,17,1,275,52,73,201,275
LAW,"Lawton/Fort Sill, OK: Lawton-Fort Sill Regional",1526,399,127.34,45.85,56,0.02,169.78,90,8,39129,12228,4653,3289,5,18954,26.1468,73.8532,5.8978,0.5242,98.0677,25.6415,31.2505,11.8914,8.4055,0.0128,48.4398,17,1,276,301,251,290,276
GRB,"Green Bay, WI: Green Bay Austin Straubel International",8452,2213,907.84,194.73,456.81,1,652.67,192,18,179333,71734,22387,25200,59,59953,26.1832,73.8168,2.2717,0.213,81.0362,21.2178,40.0004,12.4835,14.0521,0.0329,33.4311,17,1,277,203,109,266,277
DAY,"Dayton, OH: James M Cox/Dayton International",14882,3900,1248.39,200.92,760.51,6.29,1683.92,390,16,349864,97200,31324,40929,219,180192,26.2062,73.7938,2.6206,0.1075,89.7087,23.5092,27.7822,8.9532,11.6985,0.0626,51.5034,17,1,278,239,29,279,278
PBI,"West Palm Beach/Palm Beach, FL: Palm Beach International",46049,12142,3428.7,245.03,4652.28,22.51,3793.48,911,135,833548,234510,31055,241504,1462,325017,26.3676,73.6324,1.9783,0.2932,68.65,18.1013,28.134,3.7256,28.973,0.1754,38.992,17,1,279,161,169,221,279
TVC,"Traverse City, MI: Cherry Capital",8628,2280,876.92,181.07,504.19,3.49,714.37,206,14,196574,74278,23812,26319,101,72064,26.4256,73.5744,2.3876,0.1623,86.2167,22.7833,37.7863,12.1135,13.3889,0.0514,36.66,17,1,280,220,72,275,280
PVU,"Provo, UT: Provo Municipal",4069,1080,383.23,100.99,172.61,2.52,420.62,37,16,106807,43087,12550,11422,119,39629,26.5421,73.4579,0.9093,0.3932,98.8954,26.249,40.341,11.7502,10.6941,0.1114,37.1034,17,1,281,45,216,293,281
LAN,"Lansing, MI: Capital Region International",3031,808,342.96,80.7,145.39,0.52,238.47,58,3,65653,30794,8399,8173,12,18275,26.6579,73.3421,1.9136,0.099,81.2537,21.6605,46.9042,12.793,12.4488,0.0183,27.8357,17,1,282,151,23,270,282
SJU,"San Juan, PR: Luis Munoz Marin International",51349,13692,4930.23,401.34,4392.47,38.63,3929.25,732,123,954171,352869,37634,214107,1609,347952,26.6646,73.3354,1.4255,0.2395,69.6882,18.5821,36.9817,3.9442,22.4391,0.1686,36.4664,17,1,283,97,129,234,283
TTN,"Trenton, NJ: Trenton Mercer",1551,417,122.44,15.51,79.38,0,199.67,49,16,30533,10012,2255,4172,0,14094,26.8859,73.1141,3.1593,1.0316,73.2206,19.686,32.7908,7.3855,13.6639,0,46.1599,17,1,284,267,283,250,284
MBS,"Saginaw/Bay City/Midland, MI: MBS International",3276,883,482.66,78.45,127.97,0,193.96,59,5,76536,41595,7741,9625,0,17575,26.9536,73.0464,1.801,0.1526,86.6772,23.3626,54.347,10.1142,12.5758,0,22.9631,17,1,285,140,66,278,285
SUX,"Sioux City, IA: Sioux Gateway Brig Gen Bud Day Field",1150,310,148.64,14.27,66.83,1,79.3,29,14,28860,12712,1628,5844,34,8642,26.9565,73.0435,2.5217,1.2174,93.0968,25.0957,44.0471,5.641,20.2495,0.1178,29.9446,17,1,286,235,287,285,286
SBN,"South Bend, IN: South Bend International",11520,3128,1500.59,331.43,580.22,5.11,710.65,242,41,266329,122263,39150,37293,224,67399,27.1528,72.8472,2.1007,0.3559,85.1435,23.1188,45.9068,14.6999,14.0026,0.0841,25.3067,17,1,287,175,200,276,287
ASE,"Aspen, CO: Aspen Pitkin County Sardy Field",11584,3152,1325.52,383.17,968.64,2.73,471.94,476,510,293483,99563,49408,90434,249,53829,27.2099,72.7901,4.1091,4.4026,93.1101,25.3352,33.9246,16.835,30.8141,0.0848,18.3414,17,1,288,288,302,288,288
DCA,"Washington, DC: Ronald Reagan Washington National",208716,57337,11433.05,1707.76,24029.84,106.33,20058,8190,1014,4615956,1184332,279680,1287460,6501,1857625,27.4713,72.5287,3.924,0.4858,80.5057,22.116,25.6574,6.059,27.8915,0.1408,40.2436,17,1,289,287,244,273,289
HDN,"Hayden, CO: Yampa Valley",3916,1077,330.18,53.69,435.21,1,255.95,41,51,74297,19363,8525,25484,28,20563,27.5026,72.4974,1.047,1.3023,68.9851,18.9727,26.0616,11.4742,34.3002,0.0377,27.6768,17,1,290,60,289,244,290
JST,"Johnstown, PA: John Murtha Johnstown-Cambria County",1011,280,136.78,21.85,42.86,0,78.51,39,20,40184,13771,9414,4353,0,12646,27.6954,72.3046,3.8576,1.9782,143.5143,39.7468,34.2699,23.4272,10.8327,0,31.4702,17,1,291,285,299,303,291
RST,"Rochester, MN: Rochester International",3073,862,334.27,106.47,166.66,1.92,252.7,72,4,74308,31532,15453,8643,94,18586,28.0508,71.9492,2.343,0.1302,86.2042,24.1809,42.4342,20.7959,11.6313,0.1265,25.0121,17,1,292,216,46,283,292
BQN,"Aguadilla, PR: Rafael Hernandez",3154,885,363.91,25.44,199.96,2.83,292.86,46,13,55007,21632,2184,9986,120,21085,28.0596,71.9404,1.4585,0.4122,62.1548,17.4404,39.3259,3.9704,18.1541,0.2182,38.3315,17,1,293,101,222,205,293
CRW,"Charleston/Dunbar, WV: West Virginia International Yeager",5312,1493,609.94,114.11,237.85,5.26,525.84,180,31,125344,46837,13953,15032,281,49241,28.1062,71.8938,3.3886,0.5836,83.9545,23.5964,37.3668,11.1318,11.9926,0.2242,39.2847,17,1,294,276,257,281,294
EGE,"Eagle, CO: Eagle County Regional",6383,1829,684.81,61.36,623.08,0,459.77,89,35,127475,45541,6486,29468,0,45980,28.6542,71.3458,1.3943,0.5483,69.6966,19.971,35.7254,5.0881,23.1167,0,36.0698,17,1,295,92,253,252,295
CAK,"Akron, OH: Akron-Canton Regional",6308,1815,626.24,114.08,351.44,2.33,720.9,179,13,160567,54638,13962,21106,70,70791,28.773,71.227,2.8377,0.2061,88.4667,25.4545,34.0282,8.6954,13.1447,0.0436,44.0881,17,1,296,258,102,289,296
LNK,"Lincoln, NE: Lincoln Airport",4287,1246,517.1,61.53,283.47,0.15,383.76,74,26,117465,36594,10672,23984,4,46211,29.0646,70.9354,1.7261,0.6065,94.2737,27.4003,31.1531,9.0853,20.418,0.0034,39.3402,17,1,297,131,258,294,297
FNT,"Flint, MI: Bishop International",5250,1548,542.98,127.83,299.47,1,576.65,84,5,135491,45569,20086,19829,150,49857,29.4857,70.5143,1.6,0.0952,87.5265,25.8078,33.6325,14.8246,14.6349,0.1107,36.7973,17,1,298,120,20,291,298
CMX,"Hancock/Houghton, MI: Houghton County Memorial",1098,329,153.26,28.93,56.58,0,90.23,62,16,41149,15341,7389,5295,0,13124,29.9636,70.0364,5.6466,1.4572,125.0729,37.4763,37.2816,17.9567,12.8679,0,31.8938,17,1,299,300,294,301,299
HOB,"Hobbs, NM: Lea County Regional",1032,312,124.13,21.11,78.51,0,88.26,28,9,39170,16450,3859,7799,0,11062,30.2326,69.7674,2.7132,0.8721,125.5449,37.9554,41.9964,9.8519,19.9106,0,28.241,17,1,300,251,276,302,300
SLN,"Salina, KS: Salina Regional",1405,428,172.22,24.48,98.23,0,133.07,29,12,47911,12440,5903,9113,0,20455,30.4626,69.5374,2.0641,0.8541,111.9416,34.1004,25.9648,12.3208,19.0207,0,42.6937,17,1,301,173,274,299,301
PIE,"St. Petersburg, FL: St Pete Clearwater International",13159,4015,782.4,216.44,1137.32,22.48,1856.32,92,67,343246,90853,31686,68645,1446,150616,30.5114,69.4886,0.6991,0.5092,85.4909,26.0845,26.4688,9.2313,19.9988,0.4213,43.8799,17,1,302,24,249,292,302
SFB,"Sanford, FL: Orlando Sanford International",14665,5075,986.57,344.69,1132.05,19.7,2592.01,104,34,484994,128409,44747,72916,887,238035,34.6062,65.3938,0.7092,0.2318,95.5653,33.0715,26.4764,9.2263,15.0344,0.1829,49.08,17,1,303,25,122,298,303
ADK,"Adak Island, AK: Adak",148,16,7,0,3.47,0,5.53,9,0,1087,414,0,117,0,556,10.8108,89.1892,6.0811,0,67.9375,7.3446,38.0865,0,10.7636,0,51.15,17,0,,,,,
AKN,"King Salmon, AK: King Salmon Airport",595,80,35.36,2.78,10.98,0,30.89,13,0,3267,1562,110,345,0,1250,13.4454,86.5546,2.1849,0,40.8375,5.4908,47.8114,3.367,10.5601,0,38.2614,17,0,,,,,
ALO,"Waterloo, IA: Waterloo Regional",951,249,46.75,22.12,67.19,0,112.94,21,9,21886,3490,2533,3859,0,12004,26.183,73.817,2.2082,0.9464,87.8956,23.0137,15.9463,11.5736,17.6323,0,54.8478,17,0,,,,,
APN,"Alpena, MI: Alpena County Regional",889,151,104.3,30.43,16.25,0,0,44,6,12779,9684,2199,896,0,0,16.9854,83.0146,4.9494,0.6749,84.6291,14.3746,75.7806,17.2079,7.0115,0,0,17,0,,,,,
ATY,"Watertown, SD: Watertown Regional",606,84,51.84,11.5,8.74,0.88,11.04,7,2,10828,6968,2097,929,37,797,13.8614,86.1386,1.1551,0.33,128.9048,17.868,64.3517,19.3665,8.5796,0.3417,7.3605,10,0,,,,,
BFF,"Scottsbluff, NE: Western Neb. Regional/William B. Heilig Field",885,179,64.2,17.09,28.94,1,67.77,15,3,13322,3881,1550,2262,59,5570,20.226,79.774,1.6949,0.339,74.4246,15.0531,29.1323,11.6349,16.9794,0.4429,41.8105,17,0,,,,,
BGM,"Binghamton, NY: Greater Binghamton/Edwin A. Link Field",433,101,68.92,12.6,10.03,1,8.45,6,2,7286,5182,630,645,30,799,23.3256,76.6744,1.3857,0.4619,72.1386,16.8268,71.1227,8.6467,8.8526,0.4117,10.9662,15,0,,,,,
BIH,"Bishop, CA: Bishop Airport",541,123,70.98,2,24.69,0.96,24.35,8,3,7175,3575,211,1236,186,1967,22.7357,77.2643,1.4787,0.5545,58.3333,13.2625,49.8258,2.9408,17.2265,2.5923,27.4146,15,0,,,,,
BRD,"Brainerd, MN: Brainerd Lakes Regional",891,134,86.7,33.33,13.99,0,0,10,4,11632,7489,3084,1059,0,0,15.0393,84.9607,1.1223,0.4489,86.806,13.055,64.3827,26.5131,9.1042,0,0,17,0,,,,,
BRW,"Barrow, AK: Wiley Post/Will Rogers Memorial",582,140,54.3,13.56,14.71,0,57.39,15,3,7665,3287,1090,571,0,2717,24.055,75.945,2.5773,0.5155,54.75,13.1701,42.8832,14.2205,7.4494,0,35.4468,17,0,,,,,
CDC,"Cedar City, UT: Cedar City Regional",887,51,40.51,8.03,2.47,0,0,3,1,3363,2716,434,213,0,0,5.7497,94.2503,0.3382,0.1127,65.9412,3.7914,80.7612,12.9051,6.3336,0,0,17,0,,,,,
CKB,"Clarksburg/Fairmont, WV: North Central West Virginia",370,145,50.13,20.45,27.83,0,46.6,9,1,13654,6002,2641,1331,0,3680,39.1892,60.8108,2.4324,0.2703,94.1655,36.9027,43.9578,19.3423,9.7481,0,26.9518,17,0,,,,,
DDC,"Dodge City, KS: Dodge City Regional",886,176,78.02,16.17,23.01,0,58.78,16,11,13653,4224,1363,1629,0,6437,19.8646,80.1354,1.8059,1.2415,77.5739,15.4097,30.9383,9.9832,11.9314,0,47.1471,17,0,,,,,
DEC,"Decatur, IL: Decatur Airport",886,234,95.14,12.55,49.55,0,76.78,26,3,19834,6596,1240,4601,0,7397,26.4108,73.5892,2.9345,0.3386,84.7607,22.386,33.256,6.2519,23.1975,0,37.2945,17,0,,,,,
DIK,"Dickinson, ND: Dickinson - Theodore Roosevelt Regional",974,236,84.31,15.37,64.12,1,71.2,26,12,24973,6565,4710,5786,20,7892,24.23,75.77,2.6694,1.232,105.8178,25.6396,26.2884,18.8604,23.169,0.0801,31.6021,17,0,,,,,
DLG,"Dillingham, AK: Dillingham Airport",580,76,23.35,6.08,15.16,0.87,30.51,25,0,3714,1289,398,754,20,1253,13.1034,86.8966,4.3103,0,48.8684,6.4034,34.7065,10.7162,20.3016,0.5385,33.7372,17,0,,,,,
DVL,"Devils Lake, ND: Devils Lake Regional",911,142,66.59,11.19,11.74,0,52.48,13,9,9432,3132,1659,827,0,3814,15.5873,84.4127,1.427,0.9879,66.4225,10.3535,33.2061,17.5891,8.768,0,40.4368,17,0,,,,,
EAR,"Kearney, NE: Kearney Regional",917,186,77.07,16.36,36.54,1,55.03,8,3,15559,5388,2910,2200,16,5045,20.2835,79.7165,0.8724,0.3272,83.6505,16.9673,34.6295,18.703,14.1397,0.1028,32.425,17,0,,,,,
EAT,"Wenatchee, WA: Pangborn Memorial",967,139,36.74,6.53,20.85,0,74.86,9,0,5732,1709,300,683,0,3040,14.3744,85.6256,0.9307,0,41.2374,5.9276,29.8151,5.2338,11.9156,0,53.0356,17,0,,,,,
EAU,"Eau Claire, WI: Chippewa Valley Regional",885,272,127.17,17.7,50.57,0,76.57,33,4,26413,8993,4858,4173,0,8389,30.7345,69.2655,3.7288,0.452,97.1066,29.8452,34.0476,18.3925,15.799,0,31.7609,17,0,,,,,
EKO,"Elko, NV: Elko Regional",742,41,36.27,4,0.73,0,0,4,3,5879,4974,872,33,0,0,5.5256,94.4744,0.5391,0.4043,143.3902,7.9232,84.6062,14.8325,0.5613,0,0,17,0,,,,,
ESC,"Escanaba, MI: Delta County",888,119,87,17.66,14.33,0,0,48,6,16892,10699,4905,1288,0,0,13.4009,86.5991,5.4054,0.6757,141.9496,19.0225,63.3377,29.0374,7.6249,0,0,17,0,,,,,
FMN,"Farmington, NM: Four Corners Regional",389,72,26.52,1.86,20.72,0,22.88,0,1,9735,5609,201,1166,0,2759,18.509,81.491,0,0.2571,135.2083,25.0257,57.6168,2.0647,11.9774,0,28.341,13,0,,,,,
FOD,"Fort Dodge, IA: Fort Dodge Regional",889,181,90.49,10.8,27.61,0.33,51.78,32,8,13181,5411,969,2866,10,3925,20.36,79.64,3.5996,0.8999,72.8232,14.8268,41.0515,7.3515,21.7434,0.0759,29.7777,17,0,,,,,
GCC,"Gillette, WY: Northeast Wyoming Regional",984,195,73.71,15.85,45.76,0,59.68,17,3,17788,5610,1983,3454,0,6741,19.8171,80.1829,1.7276,0.3049,91.2205,18.0772,31.5381,11.148,19.4176,0,37.8963,17,0,,,,,
GST,"Gustavus, AK: Gustavus Airport",86,14,4.97,1.99,3.09,0,3.95,3,1,734,246,82,64,0,342,16.2791,83.7209,3.4884,1.1628,52.4286,8.5349,33.515,11.1717,8.7193,0,46.594,3,0,,,,,
GUF,"Gulf Shores, AL: Gulf Shores International Jack Edwards Field",581,110,27.37,10.07,23.73,0,48.85,10,5,6216,2237,421,930,0,2628,18.9329,81.0671,1.7212,0.8606,56.5091,10.6988,35.9878,6.7728,14.9614,0,42.278,13,0,,,,,
HGR,"Hagerstown, MD: Hagerstown Regional-Richard A. Henson Field",405,149,41.3,15.83,26.84,0.54,64.5,5,1,10692,3473,1243,1829,13,4134,36.7901,63.2099,1.2346,0.2469,71.7584,26.4,32.4822,11.6255,17.1062,0.1216,38.6644,17,0,,,,,
HIB,"Hibbing, MN: Range Regional",888,136,91.41,28.9,15.16,0.53,0,10,4,10917,7060,2805,1018,34,0,15.3153,84.6847,1.1261,0.4505,80.2721,12.2939,64.6698,25.6939,9.3249,0.3114,0,17,0,,,,,
HYA,"Hyannis, MA: Cape Cod Gateway",380,52,17.72,0,13.39,0,20.89,6,0,3049,878,0,538,0,1633,13.6842,86.3158,1.5789,0,58.6346,8.0237,28.7963,0,17.6451,0,53.5585,5,0,,,,,
HYS,"Hays, KS: Hays Regional",886,186,67.06,10.81,31.57,0,76.55,22,4,23138,8672,2370,2123,0,9973,20.9932,79.0068,2.4831,0.4515,124.3978,26.1151,37.4795,10.2429,9.1754,0,43.1023,17,0,,,,,
IAG,"Niagara Falls, NY: Niagara Falls International",664,127,45.22,14.64,29.32,0,37.82,8,4,11434,5452,2015,1676,0,2291,19.1265,80.8735,1.2048,0.6024,90.0315,17.2199,47.6824,17.6229,14.658,0,20.0367,17,0,,,,,
INL,"International Falls, MN: Falls International Einarson Field",917,138,90.92,34.29,12.45,0.38,0,15,1,12278,7479,4011,762,26,0,15.0491,84.9509,1.6358,0.1091,88.971,13.3893,60.9138,32.6682,6.2062,0.2118,0,17,0,,,,,
JMS,"Jamestown, ND: Jamestown Regional",911,148,84.16,7.09,16.8,1,38.96,8,12,9744,5088,743,1140,27,2746,16.2459,83.7541,0.8782,1.3172,65.8378,10.6959,52.2167,7.6252,11.6995,0.2771,28.1814,17,0,,,,,
LAF,"Lafayette, IN: Purdue University",475,147,67.41,3.65,31.84,0,44.13,18,2,16941,7222,317,2522,0,6880,30.9474,69.0526,3.7895,0.4211,115.2449,35.6653,42.6303,1.8712,14.887,0,40.6115,10,0,,,,,
LAR,"Laramie, WY: Laramie Regional",887,189,77.92,14.86,34.35,0,61.91,24,3,15094,5595,1509,2325,0,5665,21.3078,78.6922,2.7057,0.3382,79.8624,17.0169,37.0677,9.9973,15.4035,0,37.5315,17,0,,,,,
LBE,"Latrobe, PA: Arnold Palmer Regional",601,135,40.78,4.73,55.04,0.55,33.93,13,1,7668,2383,447,2475,30,2333,22.4626,77.5374,2.1631,0.1664,56.8,12.7587,31.0772,5.8294,32.277,0.3912,30.4251,17,0,,,,,
LBF,"North Platte, NE: North Platte Regional Airport Lee Bird Field",886,205,96.75,14.72,36.29,0,57.21,16,3,14827,5388,1056,2478,0,5905,23.1377,76.8623,1.8059,0.3386,72.3268,16.7348,36.3391,7.1221,16.7128,0,39.826,17,0,,,,,
LBL,"Liberal, KS: Liberal Mid-America Regional",886,159,87.52,8.91,19.34,0,43.24,22,13,9832,3855,707,2114,0,3156,17.9458,82.0542,2.4831,1.4673,61.8365,11.0971,39.2087,7.1908,21.5012,0,32.0993,17,0,,,,,
LWB,"Lewisburg, WV: Greenbrier Valley",190,50,24.47,8.99,3.48,0,13.06,6,0,8585,2846,3188,205,0,2346,26.3158,73.6842,3.1579,0,171.7,45.1842,33.1508,37.1345,2.3879,0,27.3267,4,0,,,,,
MCW,"Mason City, IA: Mason City Municipal",887,212,107.32,13.19,35.63,0.89,54.98,45,13,14599,6040,1488,2346,89,4636,23.9008,76.0992,5.0733,1.4656,68.8632,16.4589,41.3727,10.1925,16.0696,0.6096,31.7556,17,0,,,,,
MEI,"Meridian, MS: Key Field",886,218,106.88,22.91,20.62,0,67.59,15,4,24589,10830,3662,1659,0,8438,24.605,75.395,1.693,0.4515,112.7936,27.7528,44.0441,14.8928,6.7469,0,34.3162,17,0,,,,,
OTH,"North Bend/Coos Bay, OR: Southwest Oregon Regional",597,126,42.85,5.98,36.18,0,41,3,9,6113,1987,304,1711,0,2111,21.1055,78.8945,0.5025,1.5075,48.5159,10.2395,32.5045,4.973,27.9895,0,34.533,17,0,,,,,
PAH,"Paducah, KY: Barkley Regional",181,56,25.66,4.79,7.5,0,18.05,1,0,9222,3353,651,607,0,4611,30.9392,69.0608,0.5525,0,164.6786,50.9503,36.3587,7.0592,6.5821,0,50,4,0,,,,,
PBG,"Plattsburgh, NY: Plattsburgh International",734,143,39.31,14.88,55.73,0.18,32.89,10,3,8320,1872,1565,2607,16,2260,19.4823,80.5177,1.3624,0.4087,58.1818,11.3351,22.5,18.8101,31.3341,0.1923,27.1635,17,0,,,,,
PIB,"Hattiesburg/Laurel, MS: Hattiesburg-Laurel Regional",886,235,130.92,28.95,16.7,0,58.43,15,5,18297,9018,2685,1151,0,5443,26.5237,73.4763,1.693,0.5643,77.8596,20.6512,49.2868,14.6745,6.2906,0,29.748,17,0,,,,,
PIH,"Pocatello, ID: Pocatello Regional",724,50,42.23,3.15,4.62,0,0,1,1,3810,3350,271,189,0,0,6.9061,93.0939,0.1381,0.1381,76.2,5.2624,87.9265,7.1129,4.9606,0,0,17,0,,,,,
PIR,"Pierre, SD: Pierre Regional",557,91,33.76,11.52,15.52,0,30.21,10,2,9535,3806,846,948,0,3935,16.3375,83.6625,1.7953,0.3591,104.7802,17.1185,39.9161,8.8726,9.9423,0,41.269,10,0,,,,,
PPG,"Pago Pago, TT: Pago Pago International",198,44,32.87,3.5,0,0,7.63,3,0,1731,1055,432,0,0,244,22.2222,77.7778,1.5152,0,39.3409,8.7424,60.9474,24.9567,0,0,14.0959,16,0,,,,,
PQI,"Presque Isle/Houlton, ME: Presque Isle International",516,159,55.42,6.16,13,0,84.45,8,3,11151,3523,846,791,0,5991,30.814,69.186,1.5504,0.5814,70.1321,21.6105,31.5936,7.5868,7.0935,0,53.7261,17,0,,,,,
PSE,"Ponce, PR: Mercedita",922,203,93.29,8.66,33.4,1.41,66.24,12,0,13351,5470,506,1837,80,5458,22.0174,77.9826,1.3015,0,65.7685,14.4805,40.9707,3.79,13.7593,0.5992,40.8808,17,0,,,,,
PSM,"Portsmouth, NH: Portsmouth International at Pease",701,107,38.91,15.39,36.33,0.79,15.57,2,5,6491,2638,1698,1290,15,850,15.2639,84.7361,0.2853,0.7133,60.6636,9.2596,40.6409,26.1593,19.8737,0.2311,13.0951,17,0,,,,,
SCC,"Deadhorse, AK: Deadhorse Airport",759,98,29.6,18.23,17.25,0,32.93,11,4,5809,1550,1808,778,0,1673,12.9117,87.0883,1.4493,0.527,59.2755,7.6535,26.6827,31.1241,13.393,0,28.8001,17,0,,,,,
SCK,"Stockton, CA: Stockton Metro",749,142,42.51,15.91,26.25,0,57.31,6,5,15736,5932,2814,1221,0,5769,18.9586,81.0414,0.8011,0.6676,110.8169,21.0093,37.697,17.8826,7.7593,0,36.6612,17,0,,,,,
SHD,"Staunton, VA: Shenandoah Valley Regional",222,68,28.77,7.56,8.69,0,22.97,7,0,8990,3516,2401,631,0,2442,30.6306,69.3694,3.1532,0,132.2059,40.4955,39.1101,26.7075,7.0189,0,27.1635,4,0,,,,,
SMX,"Santa Maria, CA: Santa Maria Public/Capt. G. Allan Hancock Field",553,90,35.55,8.79,12.45,0,33.22,6,4,9269,3013,2956,1179,0,2121,16.2749,83.7251,1.085,0.7233,102.9889,16.7613,32.5062,31.8913,12.7198,0,22.8827,17,0,,,,,
SPN,"Saipan, TT: Francisco C. Ada Saipan International",518,42,26.94,0.98,6.36,0,7.73,7,0,2938,1180,147,149,0,1462,8.1081,91.8919,1.3514,0,69.9524,5.6718,40.1634,5.0034,5.0715,0,49.7617,17,0,,,,,
STC,"St. Cloud, MN: St. Cloud Regional",274,39,16.78,4.14,12.45,0,5.66,0,1,2358,1407,156,551,0,244,14.2336,85.7664,0,0.365,60.4615,8.6058,59.6692,6.6158,23.3673,0,10.3478,16,0,,,,,
SWF,"Newburgh/Poughkeepsie, NY: New York Stewart International",839,151,43.53,19.61,41.75,1.46,44.65,11,2,10251,3501,2012,2009,55,2674,17.9976,82.0024,1.3111,0.2384,67.8874,12.2181,34.1528,19.6274,19.5981,0.5365,26.0853,17,0,,,,,
TOL,"Toledo, OH: Eugene F Kranz Toledo Express",638,180,60.88,22.13,37.67,0,59.32,3,3,13507,4497,3020,1952,0,4038,28.2132,71.7868,0.4702,0.4702,75.0389,21.1708,33.2938,22.3588,14.4518,0,29.8956,17,0,,,,,
USA,"Concord, NC: Concord Padgett Regional",986,385,99.69,27.83,88.62,2.82,166.03,9,3,25586,7781,3724,4256,99,9726,39.0467,60.9533,0.9128,0.3043,66.4571,25.9493,30.4112,14.5548,16.6341,0.3869,38.013,17,0,,,,,
VCT,"Victoria, TX: Victoria Regional",866,200,87.27,20.54,15.26,0,76.91,28,8,39363,21939,5601,1078,0,10745,23.0947,76.9053,3.2333,0.9238,196.815,45.4538,55.7351,14.2291,2.7386,0,27.2972,17,0,,,,,
VRB,"Vero Beach, FL: Vero Beach Regional",447,94,29.4,1.58,45.27,0.73,17.02,15,1,5979,1745,120,2593,27,1494,21.0291,78.9709,3.3557,0.2237,63.6064,13.3758,29.1855,2.007,43.3685,0.4516,24.9875,6,0,,,,,
WYS,"West Yellowstone, MT: Yellowstone",383,52,29.15,3,6.01,0,13.84,1,8,2740,1253,390,203,0,894,13.577,86.423,0.2611,2.0888,52.6923,7.154,45.7299,14.2336,7.4088,0,32.6277,7,0,,,,,
